distributor_name,order_place_date,lot_size,depletion_time,daily_consumption
Hendricks Group,2022-01-20,715,18,39.72222222222222
Hendricks Group,2021-02-17,410,15,27.333333333333332
Martinez and Sons,2023-07-10,712,9,79.11111111111111
"Stevens, Leblanc and Foster",2019-11-03,999,22,45.40909090909091
Martinez and Sons,2023-11-04,625,10,62.5
Palmer PLC,2019-10-25,590,15,39.333333333333336
Hendricks Group,2019-05-04,90,16,5.625
"Nguyen, Ruiz and Mayer",2022-12-13,908,22,41.27272727272727
Morales,2022-08-07,696,11,63.27272727272727
"Nguyen, Ruiz and Mayer",2021-01-31,621,10,62.1
Huynh-Wilkerson,2021-01-20,754,24,31.416666666666668
Morales,2023-06-24,581,15,38.733333333333334
Mckee Ltd,2022-03-06,111,19,5.842105263157895
Morales,2022-07-13,751,14,53.642857142857146
"Wu, Cooper and Pierce",2022-08-24,783,17,46.05882352941177
"Stevens, Leblanc and Foster",2023-08-06,438,5,87.6
Mckee Ltd,2020-05-17,191,5,38.2
Martinez and Sons,2024-05-17,383,10,38.3
Morales,2021-06-09,831,23,36.130434782608695
Morales,2022-12-28,499,6,83.16666666666667
Brown LLC,2019-09-07,488,19,25.68421052631579
"Nguyen, Ruiz and Mayer",2020-12-06,543,11,49.36363636363637
Martinez and Sons,2021-01-27,634,9,70.44444444444444
"Stevens, Leblanc and Foster",2022-02-23,857,7,122.42857142857143
Murphy LLC,2023-12-21,948,7,135.42857142857142
Phillips-Heath,2019-10-12,780,10,78.0
"Patterson, Moon and Woods",2021-03-19,92,8,11.5
Martinez and Sons,2022-01-25,767,16,47.9375
Hendricks Group,2020-03-25,473,11,43.0
Palmer PLC,2023-10-01,167,5,33.4
Martinez and Sons,2019-01-07,337,11,30.636363636363637
Phillips-Heath,2019-03-20,241,18,13.38888888888889
Phillips-Heath,2021-12-08,613,21,29.19047619047619
Hendricks Group,2023-10-13,701,5,140.2
Mckee Ltd,2021-02-04,308,15,20.533333333333335
"Wu, Cooper and Pierce",2019-12-27,682,20,34.1
Brown LLC,2022-03-26,279,12,23.25
Hendricks Group,2024-03-15,613,14,43.785714285714285
"Nguyen, Ruiz and Mayer",2023-12-13,179,20,8.95
Martinez and Sons,2023-02-18,381,11,34.63636363636363
Brown LLC,2020-07-05,700,10,70.0
Mckee Ltd,2022-12-17,396,19,20.842105263157894
Hendricks Group,2019-10-03,764,22,34.72727272727273
Huynh-Wilkerson,2021-07-10,774,17,45.529411764705884
"Stevens, Leblanc and Foster",2023-11-06,485,5,97.0
Martinez and Sons,2024-06-22,809,6,134.83333333333334
Palmer PLC,2019-03-26,47,8,5.875
Mckee Ltd,2020-04-01,369,24,15.375
"Nguyen, Ruiz and Mayer",2020-08-08,369,19,19.42105263157895
"Patterson, Moon and Woods",2019-12-01,263,10,26.3
Hendricks Group,2021-02-11,56,8,7.0
Palmer PLC,2021-12-26,685,18,38.05555555555556
Hendricks Group,2019-12-07,550,19,28.94736842105263
"Nguyen, Ruiz and Mayer",2021-03-07,109,23,4.739130434782608
Garcia Ltd,2019-06-17,431,9,47.888888888888886
"Patterson, Moon and Woods",2022-04-10,986,24,41.083333333333336
Huynh-Wilkerson,2021-08-11,659,11,59.90909090909091
Palmer PLC,2023-08-14,342,17,20.11764705882353
Morales,2024-03-29,605,15,40.333333333333336
"Patterson, Moon and Woods",2024-07-14,990,14,70.71428571428571
Mckee Ltd,2024-03-22,786,19,41.36842105263158
"Nguyen, Ruiz and Mayer",2021-09-09,687,24,28.625
Phillips-Heath,2023-11-23,160,19,8.421052631578947
"Wu, Cooper and Pierce",2021-03-05,395,14,28.214285714285715
"Wu, Cooper and Pierce",2023-01-15,927,15,61.8
"Wu, Cooper and Pierce",2020-02-21,880,7,125.71428571428571
Murphy LLC,2019-03-11,307,17,18.058823529411764
Martinez and Sons,2023-10-08,612,6,102.0
Murphy LLC,2024-04-27,674,12,56.166666666666664
Martinez and Sons,2021-01-04,910,14,65.0
"Patterson, Moon and Woods",2020-07-07,473,19,24.894736842105264
Martinez and Sons,2022-03-02,566,15,37.733333333333334
"Patterson, Moon and Woods",2020-02-19,607,21,28.904761904761905
Brown LLC,2019-03-04,733,16,45.8125
Hendricks Group,2023-09-16,832,18,46.22222222222222
"Nguyen, Ruiz and Mayer",2022-11-08,334,8,41.75
Hendricks Group,2024-03-04,695,21,33.095238095238095
Garcia Ltd,2020-07-08,993,24,41.375
"Patterson, Moon and Woods",2022-02-28,434,9,48.22222222222222
Phillips-Heath,2024-03-05,169,16,10.5625
Brown LLC,2021-01-29,828,24,34.5
Phillips-Heath,2022-05-11,799,20,39.95
"Stevens, Leblanc and Foster",2019-06-21,661,14,47.214285714285715
Hendricks Group,2024-03-23,758,19,39.89473684210526
"Wu, Cooper and Pierce",2023-09-22,268,16,16.75
Palmer PLC,2022-02-12,586,18,32.55555555555556
Brown LLC,2021-08-08,62,12,5.166666666666667
"Wu, Cooper and Pierce",2020-05-18,663,8,82.875
"Wu, Cooper and Pierce",2019-05-31,195,22,8.863636363636363
Morales,2019-02-08,277,14,19.785714285714285
Palmer PLC,2021-07-26,953,8,119.125
Hendricks Group,2020-09-26,37,13,2.8461538461538463
Huynh-Wilkerson,2022-06-20,121,18,6.722222222222222
Martinez and Sons,2019-09-02,896,16,56.0
Phillips-Heath,2021-11-07,727,11,66.0909090909091
Brown LLC,2022-04-15,723,6,120.5
Murphy LLC,2019-07-22,995,24,41.458333333333336
"Stevens, Leblanc and Foster",2021-08-01,778,16,48.625
Huynh-Wilkerson,2020-04-29,986,6,164.33333333333334
"Stevens, Leblanc and Foster",2022-12-26,760,9,84.44444444444444
Palmer PLC,2023-03-06,279,13,21.46153846153846
Huynh-Wilkerson,2020-02-01,762,7,108.85714285714286
Huynh-Wilkerson,2023-07-25,813,16,50.8125
"Wu, Cooper and Pierce",2024-01-11,496,20,24.8
"Patterson, Moon and Woods",2019-01-28,650,10,65.0
Martinez and Sons,2022-12-11,843,12,70.25
Mckee Ltd,2023-05-27,392,11,35.63636363636363
Morales,2023-05-09,211,22,9.590909090909092
Martinez and Sons,2019-06-12,240,5,48.0
Martinez and Sons,2024-02-11,278,13,21.384615384615383
"Patterson, Moon and Woods",2022-10-21,666,16,41.625
"Patterson, Moon and Woods",2022-04-22,730,10,73.0
Garcia Ltd,2021-06-02,339,14,24.214285714285715
"Patterson, Moon and Woods",2020-08-02,212,21,10.095238095238095
Brown LLC,2020-06-06,916,10,91.6
Morales,2021-05-18,58,15,3.8666666666666667
Garcia Ltd,2022-07-29,985,13,75.76923076923077
Huynh-Wilkerson,2024-04-24,871,16,54.4375
Phillips-Heath,2020-03-28,259,15,17.266666666666666
Huynh-Wilkerson,2024-05-12,201,10,20.1
Brown LLC,2019-11-01,779,14,55.642857142857146
"Wu, Cooper and Pierce",2021-09-14,713,22,32.40909090909091
Huynh-Wilkerson,2024-04-07,632,14,45.142857142857146
Garcia Ltd,2023-04-02,295,11,26.818181818181817
Murphy LLC,2021-02-01,990,22,45.0
"Nguyen, Ruiz and Mayer",2021-03-21,393,7,56.142857142857146
Mckee Ltd,2023-05-26,654,10,65.4
"Stevens, Leblanc and Foster",2019-11-24,238,20,11.9
Murphy LLC,2023-09-11,577,7,82.42857142857143
Palmer PLC,2020-02-22,185,13,14.23076923076923
Martinez and Sons,2022-12-30,878,15,58.53333333333333
Hendricks Group,2023-05-16,972,7,138.85714285714286
Morales,2019-07-02,109,17,6.411764705882353
Hendricks Group,2021-10-26,854,8,106.75
Huynh-Wilkerson,2022-08-29,261,21,12.428571428571429
"Wu, Cooper and Pierce",2021-05-29,447,11,40.63636363636363
Palmer PLC,2020-06-04,599,18,33.27777777777778
"Wu, Cooper and Pierce",2023-10-15,652,24,27.166666666666668
Mckee Ltd,2024-07-13,588,17,34.588235294117645
Hendricks Group,2020-06-23,496,21,23.61904761904762
Hendricks Group,2020-07-16,469,16,29.3125
Martinez and Sons,2023-12-02,110,24,4.583333333333333
Morales,2023-10-31,850,13,65.38461538461539
Phillips-Heath,2020-05-08,844,12,70.33333333333333
"Patterson, Moon and Woods",2022-07-28,66,6,11.0
Huynh-Wilkerson,2024-04-05,909,12,75.75
Hendricks Group,2021-12-10,673,12,56.083333333333336
"Patterson, Moon and Woods",2021-10-06,52,15,3.466666666666667
Phillips-Heath,2019-12-16,743,19,39.10526315789474
"Wu, Cooper and Pierce",2023-08-23,444,19,23.36842105263158
Garcia Ltd,2020-11-07,586,8,73.25
Huynh-Wilkerson,2020-05-14,128,23,5.565217391304348
Hendricks Group,2021-07-07,832,7,118.85714285714286
Brown LLC,2019-10-28,609,10,60.9
Martinez and Sons,2021-02-06,668,6,111.33333333333333
Brown LLC,2020-08-19,753,14,53.785714285714285
Mckee Ltd,2021-03-24,105,14,7.5
Murphy LLC,2024-07-23,228,11,20.727272727272727
Brown LLC,2022-06-14,308,7,44.0
"Stevens, Leblanc and Foster",2021-12-30,378,18,21.0
Garcia Ltd,2019-02-15,339,13,26.076923076923077
Palmer PLC,2023-04-15,197,23,8.565217391304348
Mckee Ltd,2022-07-20,817,12,68.08333333333333
Garcia Ltd,2020-12-28,236,7,33.714285714285715
Brown LLC,2019-02-26,198,14,14.142857142857142
Morales,2020-05-25,203,10,20.3
"Nguyen, Ruiz and Mayer",2023-12-30,638,5,127.6
Phillips-Heath,2023-02-24,294,10,29.4
"Stevens, Leblanc and Foster",2023-05-13,215,22,9.772727272727273
Garcia Ltd,2019-01-08,245,24,10.208333333333334
"Nguyen, Ruiz and Mayer",2021-03-30,884,20,44.2
Hendricks Group,2021-04-13,301,19,15.842105263157896
Murphy LLC,2023-06-04,666,22,30.272727272727273
"Nguyen, Ruiz and Mayer",2024-06-20,925,5,185.0
"Wu, Cooper and Pierce",2020-10-25,230,24,9.583333333333334
Garcia Ltd,2021-05-15,662,11,60.18181818181818
Hendricks Group,2023-07-12,668,18,37.111111111111114
"Stevens, Leblanc and Foster",2023-07-13,703,22,31.954545454545453
Murphy LLC,2020-11-17,941,23,40.91304347826087
Morales,2023-07-07,279,7,39.857142857142854
Murphy LLC,2020-04-24,739,23,32.130434782608695
"Stevens, Leblanc and Foster",2022-05-02,831,24,34.625
"Wu, Cooper and Pierce",2020-05-06,958,22,43.54545454545455
Hendricks Group,2023-07-27,475,12,39.583333333333336
Palmer PLC,2020-09-22,428,7,61.142857142857146
Phillips-Heath,2021-12-19,558,10,55.8
Martinez and Sons,2024-07-18,190,6,31.666666666666668
"Wu, Cooper and Pierce",2021-12-25,899,24,37.458333333333336
Martinez and Sons,2024-07-22,705,6,117.5
Garcia Ltd,2021-09-07,191,17,11.235294117647058
Martinez and Sons,2023-08-19,418,23,18.17391304347826
Murphy LLC,2020-02-04,787,23,34.21739130434783
Garcia Ltd,2019-03-23,720,21,34.285714285714285
"Nguyen, Ruiz and Mayer",2019-06-27,543,16,33.9375
Murphy LLC,2021-10-14,472,16,29.5
Martinez and Sons,2020-02-09,683,8,85.375
Huynh-Wilkerson,2019-06-05,112,15,7.466666666666667
Morales,2019-10-16,451,5,90.2
Brown LLC,2022-05-16,872,8,109.0
Hendricks Group,2022-07-11,551,23,23.956521739130434
Palmer PLC,2024-04-11,334,7,47.714285714285715
Brown LLC,2019-10-09,274,14,19.571428571428573
"Stevens, Leblanc and Foster",2019-03-15,327,13,25.153846153846153
Mckee Ltd,2021-04-07,920,10,92.0
"Nguyen, Ruiz and Mayer",2020-09-24,843,18,46.833333333333336
Huynh-Wilkerson,2019-01-06,272,24,11.333333333333334
"Patterson, Moon and Woods",2021-01-13,442,13,34.0
Palmer PLC,2022-04-11,746,9,82.88888888888889
Hendricks Group,2021-09-06,623,9,69.22222222222223
Palmer PLC,2021-03-03,135,18,7.5
Martinez and Sons,2024-03-16,404,12,33.666666666666664
Murphy LLC,2024-03-08,278,12,23.166666666666668
Phillips-Heath,2020-11-04,322,16,20.125
Phillips-Heath,2021-11-24,732,18,40.666666666666664
"Stevens, Leblanc and Foster",2020-07-10,515,9,57.22222222222222
Huynh-Wilkerson,2022-08-31,24,17,1.411764705882353
Garcia Ltd,2024-02-06,971,24,40.458333333333336
Phillips-Heath,2023-04-08,502,19,26.42105263157895
Huynh-Wilkerson,2021-05-25,716,22,32.54545454545455
Phillips-Heath,2019-09-22,904,15,60.266666666666666
Garcia Ltd,2020-04-07,419,7,59.857142857142854
Phillips-Heath,2024-04-08,400,12,33.333333333333336
"Patterson, Moon and Woods",2019-09-11,499,7,71.28571428571429
Phillips-Heath,2020-03-16,93,22,4.2272727272727275
"Nguyen, Ruiz and Mayer",2022-06-12,259,24,10.791666666666666
Mckee Ltd,2024-01-16,910,24,37.916666666666664
Palmer PLC,2023-01-09,340,22,15.454545454545455
"Wu, Cooper and Pierce",2019-01-09,568,23,24.695652173913043
"Wu, Cooper and Pierce",2020-03-20,296,11,26.90909090909091
Morales,2020-08-23,633,11,57.54545454545455
Phillips-Heath,2021-03-13,707,23,30.73913043478261
Palmer PLC,2020-06-29,385,21,18.333333333333332
Hendricks Group,2022-08-26,95,6,15.833333333333334
"Stevens, Leblanc and Foster",2024-06-15,943,9,104.77777777777777
Hendricks Group,2021-07-21,845,17,49.705882352941174
Morales,2023-09-19,905,23,39.34782608695652
Garcia Ltd,2019-12-26,954,14,68.14285714285714
Palmer PLC,2021-02-02,823,7,117.57142857142857
Morales,2020-02-17,766,11,69.63636363636364
Garcia Ltd,2020-11-28,262,8,32.75
"Wu, Cooper and Pierce",2019-08-12,487,24,20.291666666666668
"Wu, Cooper and Pierce",2019-04-12,129,6,21.5
Huynh-Wilkerson,2022-06-28,370,24,15.416666666666666
Mckee Ltd,2023-05-11,648,19,34.10526315789474
Murphy LLC,2019-02-22,736,19,38.73684210526316
Palmer PLC,2020-10-10,439,17,25.823529411764707
"Stevens, Leblanc and Foster",2020-10-16,498,11,45.27272727272727
Brown LLC,2019-02-24,886,18,49.22222222222222
Martinez and Sons,2023-12-22,694,23,30.17391304347826
Phillips-Heath,2021-11-06,856,8,107.0
Martinez and Sons,2022-12-05,854,5,170.8
Garcia Ltd,2024-04-09,946,21,45.04761904761905
Morales,2023-03-04,101,6,16.833333333333332
"Nguyen, Ruiz and Mayer",2021-01-19,555,18,30.833333333333332
"Patterson, Moon and Woods",2019-09-03,854,20,42.7
"Nguyen, Ruiz and Mayer",2021-09-10,112,13,8.615384615384615
Morales,2019-11-08,211,15,14.066666666666666
Martinez and Sons,2022-07-07,165,7,23.571428571428573
Palmer PLC,2024-07-24,675,10,67.5
Morales,2020-02-16,711,14,50.785714285714285
Phillips-Heath,2021-12-07,381,21,18.142857142857142
Morales,2024-05-25,838,23,36.43478260869565
"Wu, Cooper and Pierce",2019-09-25,397,13,30.53846153846154
Murphy LLC,2021-04-15,971,13,74.6923076923077
Murphy LLC,2022-07-03,156,24,6.5
Brown LLC,2021-02-03,337,20,16.85
Murphy LLC,2020-08-11,268,24,11.166666666666666
Morales,2020-09-10,418,20,20.9
Phillips-Heath,2021-01-25,153,5,30.6
Martinez and Sons,2019-11-30,693,11,63.0
Murphy LLC,2019-10-31,495,22,22.5
Phillips-Heath,2022-04-03,934,7,133.42857142857142
"Patterson, Moon and Woods",2021-10-11,383,15,25.533333333333335
"Patterson, Moon and Woods",2019-06-24,815,20,40.75
"Patterson, Moon and Woods",2023-08-07,683,6,113.83333333333333
"Wu, Cooper and Pierce",2019-12-17,889,13,68.38461538461539
Murphy LLC,2019-07-04,904,20,45.2
Martinez and Sons,2023-06-28,329,18,18.27777777777778
"Stevens, Leblanc and Foster",2019-03-12,686,24,28.583333333333332
"Stevens, Leblanc and Foster",2020-08-21,776,6,129.33333333333334
"Wu, Cooper and Pierce",2023-03-13,241,6,40.166666666666664
Phillips-Heath,2020-02-28,368,13,28.307692307692307
Phillips-Heath,2019-11-04,79,22,3.590909090909091
Hendricks Group,2024-02-13,15,13,1.1538461538461537
"Stevens, Leblanc and Foster",2021-08-09,333,18,18.5
"Patterson, Moon and Woods",2021-11-14,819,8,102.375
Murphy LLC,2020-01-31,550,9,61.111111111111114
Palmer PLC,2020-02-11,651,22,29.59090909090909
"Nguyen, Ruiz and Mayer",2024-05-11,670,6,111.66666666666667
"Nguyen, Ruiz and Mayer",2024-04-12,618,11,56.18181818181818
Brown LLC,2019-04-19,177,24,7.375
"Wu, Cooper and Pierce",2021-12-29,524,9,58.22222222222222
Hendricks Group,2021-09-15,968,20,48.4
"Patterson, Moon and Woods",2020-05-26,704,13,54.15384615384615
Martinez and Sons,2023-08-16,47,7,6.714285714285714
"Wu, Cooper and Pierce",2020-05-02,864,24,36.0
Martinez and Sons,2022-07-05,424,9,47.111111111111114
"Patterson, Moon and Woods",2022-06-03,973,6,162.16666666666666
Martinez and Sons,2024-07-07,424,19,22.31578947368421
"Nguyen, Ruiz and Mayer",2019-05-24,105,10,10.5
Martinez and Sons,2022-10-07,25,23,1.0869565217391304
Morales,2022-03-05,425,5,85.0
Murphy LLC,2023-10-05,852,9,94.66666666666667
Martinez and Sons,2021-08-21,950,23,41.30434782608695
"Wu, Cooper and Pierce",2023-09-17,468,15,31.2
Mckee Ltd,2020-11-15,383,14,27.357142857142858
Garcia Ltd,2022-07-30,495,24,20.625
"Wu, Cooper and Pierce",2020-12-10,936,15,62.4
"Stevens, Leblanc and Foster",2022-01-08,383,5,76.6
Morales,2021-05-10,971,22,44.13636363636363
"Wu, Cooper and Pierce",2019-10-18,117,24,4.875
Palmer PLC,2020-01-26,749,22,34.04545454545455
"Stevens, Leblanc and Foster",2019-12-23,501,21,23.857142857142858
"Wu, Cooper and Pierce",2020-10-18,119,22,5.409090909090909
"Stevens, Leblanc and Foster",2022-10-27,410,20,20.5
Morales,2024-02-21,31,8,3.875
Martinez and Sons,2022-06-07,627,16,39.1875
"Stevens, Leblanc and Foster",2023-09-07,571,17,33.588235294117645
Palmer PLC,2022-02-19,917,8,114.625
"Wu, Cooper and Pierce",2022-05-12,486,10,48.6
Huynh-Wilkerson,2021-08-12,74,16,4.625
"Wu, Cooper and Pierce",2023-04-10,953,13,73.3076923076923
"Wu, Cooper and Pierce",2021-09-22,242,18,13.444444444444445
Huynh-Wilkerson,2020-01-13,435,6,72.5
Morales,2020-09-27,303,6,50.5
Brown LLC,2021-07-05,996,6,166.0
Morales,2022-10-11,746,8,93.25
Phillips-Heath,2019-10-08,919,10,91.9
Murphy LLC,2019-06-30,464,11,42.18181818181818
"Wu, Cooper and Pierce",2023-04-21,103,15,6.866666666666666
Morales,2024-06-16,361,24,15.041666666666666
Martinez and Sons,2020-06-10,43,8,5.375
Palmer PLC,2019-08-03,341,23,14.826086956521738
"Wu, Cooper and Pierce",2020-04-09,714,19,37.578947368421055
Martinez and Sons,2023-04-14,388,13,29.846153846153847
Mckee Ltd,2019-07-27,66,19,3.473684210526316
Palmer PLC,2023-09-18,841,20,42.05
Phillips-Heath,2024-01-14,999,16,62.4375
Murphy LLC,2020-06-19,930,21,44.285714285714285
Garcia Ltd,2024-06-19,860,14,61.42857142857143
Phillips-Heath,2023-02-12,202,16,12.625
Morales,2019-05-07,764,12,63.666666666666664
Brown LLC,2021-01-05,777,17,45.705882352941174
"Patterson, Moon and Woods",2023-09-15,480,6,80.0
Murphy LLC,2020-10-11,99,19,5.2105263157894735
"Wu, Cooper and Pierce",2019-02-03,461,14,32.92857142857143
Garcia Ltd,2019-02-06,86,14,6.142857142857143
Brown LLC,2023-08-10,844,15,56.266666666666666
Murphy LLC,2022-01-28,192,24,8.0
"Wu, Cooper and Pierce",2021-03-25,790,8,98.75
Murphy LLC,2022-04-16,27,15,1.8
"Nguyen, Ruiz and Mayer",2020-10-31,34,14,2.4285714285714284
"Patterson, Moon and Woods",2019-04-16,954,7,136.28571428571428
Murphy LLC,2024-05-22,800,7,114.28571428571429
"Stevens, Leblanc and Foster",2023-12-03,516,24,21.5
"Wu, Cooper and Pierce",2022-11-04,771,22,35.04545454545455
Morales,2024-03-06,576,23,25.043478260869566
"Wu, Cooper and Pierce",2022-10-08,148,17,8.705882352941176
"Wu, Cooper and Pierce",2020-10-14,520,24,21.666666666666668
Hendricks Group,2023-02-13,102,13,7.846153846153846
Murphy LLC,2023-03-11,395,16,24.6875
Phillips-Heath,2020-08-13,894,15,59.6
"Stevens, Leblanc and Foster",2022-03-21,889,14,63.5
Morales,2019-08-04,45,14,3.2142857142857144
Huynh-Wilkerson,2020-03-23,954,10,95.4
Huynh-Wilkerson,2023-11-19,489,9,54.333333333333336
Garcia Ltd,2020-09-14,956,24,39.833333333333336
Morales,2023-02-20,176,18,9.777777777777779
"Wu, Cooper and Pierce",2021-07-12,391,18,21.72222222222222
Huynh-Wilkerson,2019-12-29,437,16,27.3125
"Patterson, Moon and Woods",2023-02-15,812,12,67.66666666666667
Murphy LLC,2022-02-04,812,6,135.33333333333334
Palmer PLC,2024-02-19,139,19,7.315789473684211
Phillips-Heath,2021-01-14,659,16,41.1875
Garcia Ltd,2023-12-23,23,19,1.2105263157894737
Mckee Ltd,2020-08-22,403,16,25.1875
"Wu, Cooper and Pierce",2020-02-27,995,6,165.83333333333334
Palmer PLC,2021-11-27,101,8,12.625
"Nguyen, Ruiz and Mayer",2023-03-20,360,20,18.0
"Nguyen, Ruiz and Mayer",2020-10-27,348,22,15.818181818181818
Brown LLC,2019-08-17,479,23,20.82608695652174
Palmer PLC,2023-05-20,56,24,2.3333333333333335
"Patterson, Moon and Woods",2020-06-21,910,23,39.56521739130435
"Nguyen, Ruiz and Mayer",2023-10-21,843,11,76.63636363636364
Brown LLC,2022-07-15,692,8,86.5
"Stevens, Leblanc and Foster",2023-11-28,396,23,17.217391304347824
Mckee Ltd,2022-06-24,862,9,95.77777777777777
Phillips-Heath,2019-08-07,742,16,46.375
"Wu, Cooper and Pierce",2020-12-17,148,24,6.166666666666667
Murphy LLC,2020-03-17,765,16,47.8125
Garcia Ltd,2020-09-17,26,5,5.2
Huynh-Wilkerson,2022-02-27,249,22,11.318181818181818
Morales,2021-02-19,13,18,0.7222222222222222
Phillips-Heath,2023-05-01,299,23,13.0
Garcia Ltd,2022-10-19,863,11,78.45454545454545
Phillips-Heath,2023-07-30,36,5,7.2
Morales,2023-01-26,96,16,6.0
"Nguyen, Ruiz and Mayer",2021-06-06,109,18,6.055555555555555
Hendricks Group,2023-09-03,679,7,97.0
Murphy LLC,2024-03-07,374,10,37.4
Palmer PLC,2022-01-27,914,17,53.76470588235294
Garcia Ltd,2019-04-14,218,20,10.9
Garcia Ltd,2019-05-18,928,10,92.8
Huynh-Wilkerson,2024-05-06,125,13,9.615384615384615
"Nguyen, Ruiz and Mayer",2022-02-24,272,15,18.133333333333333
Palmer PLC,2021-11-29,147,9,16.333333333333332
Brown LLC,2021-08-05,259,9,28.77777777777778
Palmer PLC,2019-06-13,836,7,119.42857142857143
"Wu, Cooper and Pierce",2020-02-25,801,18,44.5
"Patterson, Moon and Woods",2021-09-18,810,16,50.625
Palmer PLC,2020-03-24,620,19,32.63157894736842
Mckee Ltd,2021-03-01,828,11,75.27272727272727
Morales,2019-05-06,509,10,50.9
Morales,2023-11-08,323,13,24.846153846153847
"Wu, Cooper and Pierce",2019-04-21,600,23,26.08695652173913
"Stevens, Leblanc and Foster",2019-04-06,448,18,24.88888888888889
Murphy LLC,2024-01-06,432,15,28.8
"Nguyen, Ruiz and Mayer",2024-03-28,805,23,35.0
"Wu, Cooper and Pierce",2020-06-05,192,7,27.428571428571427
Martinez and Sons,2019-06-26,324,14,23.142857142857142
Hendricks Group,2023-05-02,280,12,23.333333333333332
Brown LLC,2019-02-27,290,22,13.181818181818182
Palmer PLC,2020-09-18,264,17,15.529411764705882
"Wu, Cooper and Pierce",2023-01-08,283,19,14.894736842105264
Palmer PLC,2020-06-07,149,14,10.642857142857142
Hendricks Group,2022-08-14,248,15,16.533333333333335
Huynh-Wilkerson,2024-01-18,285,13,21.923076923076923
Huynh-Wilkerson,2020-04-18,730,18,40.55555555555556
Mckee Ltd,2021-05-04,923,15,61.53333333333333
Morales,2022-05-10,644,6,107.33333333333333
Palmer PLC,2019-05-30,754,21,35.904761904761905
Mckee Ltd,2020-05-29,666,17,39.1764705882353
Phillips-Heath,2021-09-20,11,9,1.2222222222222223
Mckee Ltd,2022-07-12,516,11,46.90909090909091
"Nguyen, Ruiz and Mayer",2019-09-21,902,12,75.16666666666667
Palmer PLC,2019-05-19,106,22,4.818181818181818
Morales,2024-07-03,523,24,21.791666666666668
Murphy LLC,2022-05-07,694,14,49.57142857142857
"Nguyen, Ruiz and Mayer",2022-05-28,17,19,0.8947368421052632
Palmer PLC,2022-12-04,153,6,25.5
Mckee Ltd,2023-01-21,77,13,5.923076923076923
Mckee Ltd,2019-12-12,709,24,29.541666666666668
Hendricks Group,2022-08-22,446,6,74.33333333333333
Morales,2024-03-09,276,12,23.0
Brown LLC,2019-09-27,737,23,32.04347826086956
"Nguyen, Ruiz and Mayer",2019-01-22,972,12,81.0
Phillips-Heath,2020-02-06,15,9,1.6666666666666667
Phillips-Heath,2019-08-31,530,5,106.0
Mckee Ltd,2023-05-05,393,10,39.3
Brown LLC,2023-04-03,902,11,82.0
"Patterson, Moon and Woods",2019-07-03,666,13,51.23076923076923
"Nguyen, Ruiz and Mayer",2022-07-02,550,20,27.5
Hendricks Group,2023-08-27,71,5,14.2
Mckee Ltd,2019-10-26,837,20,41.85
Huynh-Wilkerson,2021-12-04,67,14,4.785714285714286
Garcia Ltd,2023-08-28,566,21,26.952380952380953
Hendricks Group,2022-11-23,446,12,37.166666666666664
"Patterson, Moon and Woods",2021-07-23,30,8,3.75
Morales,2020-03-13,435,9,48.333333333333336
Brown LLC,2019-01-20,935,14,66.78571428571429
Garcia Ltd,2024-01-21,564,18,31.333333333333332
Huynh-Wilkerson,2019-03-10,624,17,36.705882352941174
Mckee Ltd,2021-08-30,924,19,48.63157894736842
"Patterson, Moon and Woods",2023-10-14,292,14,20.857142857142858
"Nguyen, Ruiz and Mayer",2019-04-15,879,9,97.66666666666667
Brown LLC,2023-08-22,793,11,72.0909090909091
Mckee Ltd,2022-07-01,26,6,4.333333333333333
Mckee Ltd,2023-11-22,230,22,10.454545454545455
Hendricks Group,2021-08-26,273,6,45.5
Hendricks Group,2023-08-04,911,19,47.94736842105263
Phillips-Heath,2020-11-25,225,19,11.842105263157896
Hendricks Group,2019-08-27,171,6,28.5
Huynh-Wilkerson,2022-09-27,587,16,36.6875
Palmer PLC,2019-08-10,193,24,8.041666666666666
Murphy LLC,2020-07-01,803,5,160.6
Huynh-Wilkerson,2020-12-05,863,17,50.76470588235294
Morales,2024-01-08,160,12,13.333333333333334
"Stevens, Leblanc and Foster",2023-10-09,251,24,10.458333333333334
Morales,2019-04-24,178,14,12.714285714285714
Huynh-Wilkerson,2023-09-02,875,13,67.3076923076923
"Nguyen, Ruiz and Mayer",2023-07-26,45,5,9.0
Huynh-Wilkerson,2023-04-13,409,8,51.125
"Patterson, Moon and Woods",2024-06-11,31,22,1.4090909090909092
Martinez and Sons,2019-11-19,722,20,36.1
Mckee Ltd,2021-05-08,900,9,100.0
Morales,2024-01-23,22,20,1.1
Brown LLC,2019-05-26,585,8,73.125
Brown LLC,2022-05-03,17,11,1.5454545454545454
Brown LLC,2020-10-12,318,23,13.826086956521738
"Stevens, Leblanc and Foster",2022-04-18,554,18,30.77777777777778
Garcia Ltd,2020-02-07,894,17,52.588235294117645
Mckee Ltd,2022-08-13,626,16,39.125
Phillips-Heath,2021-07-09,801,17,47.11764705882353
Mckee Ltd,2020-07-17,379,15,25.266666666666666
"Patterson, Moon and Woods",2024-04-06,499,18,27.72222222222222
Huynh-Wilkerson,2024-03-20,179,5,35.8
Brown LLC,2024-05-26,724,19,38.10526315789474
Brown LLC,2022-06-13,837,5,167.4
"Wu, Cooper and Pierce",2024-04-25,748,24,31.166666666666668
Morales,2024-05-08,745,8,93.125
"Stevens, Leblanc and Foster",2023-02-03,916,23,39.82608695652174
Palmer PLC,2022-09-22,142,9,15.777777777777779
Garcia Ltd,2019-06-10,614,17,36.11764705882353
"Nguyen, Ruiz and Mayer",2019-01-01,939,5,187.8
"Stevens, Leblanc and Foster",2023-11-21,552,21,26.285714285714285
Huynh-Wilkerson,2024-02-20,459,17,27.0
"Wu, Cooper and Pierce",2021-01-23,73,21,3.4761904761904763
Mckee Ltd,2021-08-25,395,5,79.0
Garcia Ltd,2019-06-20,499,10,49.9
"Wu, Cooper and Pierce",2023-12-11,547,11,49.72727272727273
Martinez and Sons,2023-03-02,713,18,39.611111111111114
Martinez and Sons,2019-07-09,353,18,19.61111111111111
"Wu, Cooper and Pierce",2021-10-08,749,23,32.56521739130435
Phillips-Heath,2022-02-15,531,17,31.235294117647058
Martinez and Sons,2023-07-02,288,6,48.0
"Patterson, Moon and Woods",2020-11-29,350,7,50.0
Mckee Ltd,2024-02-25,839,21,39.95238095238095
Hendricks Group,2024-06-21,594,19,31.263157894736842
"Stevens, Leblanc and Foster",2024-07-25,473,24,19.708333333333332
Martinez and Sons,2019-03-03,633,7,90.42857142857143
Palmer PLC,2022-10-30,357,10,35.7
Martinez and Sons,2021-07-15,884,20,44.2
Garcia Ltd,2021-01-08,308,12,25.666666666666668
"Stevens, Leblanc and Foster",2019-06-07,516,9,57.333333333333336
"Wu, Cooper and Pierce",2019-05-17,171,5,34.2
Brown LLC,2022-03-31,283,15,18.866666666666667
Morales,2021-02-13,758,5,151.6
Brown LLC,2023-07-15,947,19,49.8421052631579
Morales,2020-11-01,391,15,26.066666666666666
"Patterson, Moon and Woods",2021-02-16,614,23,26.695652173913043
"Stevens, Leblanc and Foster",2022-12-19,274,10,27.4
"Wu, Cooper and Pierce",2022-01-02,184,24,7.666666666666667
Murphy LLC,2022-11-12,338,6,56.333333333333336
"Stevens, Leblanc and Foster",2019-05-02,473,11,43.0
Huynh-Wilkerson,2020-08-07,699,7,99.85714285714286
Brown LLC,2021-05-21,139,19,7.315789473684211
Mckee Ltd,2019-12-03,292,21,13.904761904761905
Morales,2022-03-01,648,7,92.57142857142857
"Wu, Cooper and Pierce",2021-12-28,127,21,6.0476190476190474
Mckee Ltd,2021-06-30,351,20,17.55
Brown LLC,2022-02-09,87,24,3.625
"Stevens, Leblanc and Foster",2019-07-26,576,17,33.88235294117647
"Stevens, Leblanc and Foster",2024-04-13,23,21,1.0952380952380953
Morales,2019-07-12,553,11,50.27272727272727
Palmer PLC,2021-10-01,78,19,4.105263157894737
Martinez and Sons,2022-10-25,188,18,10.444444444444445
Brown LLC,2022-02-26,109,24,4.541666666666667
"Wu, Cooper and Pierce",2019-08-29,116,10,11.6
Phillips-Heath,2022-02-13,17,21,0.8095238095238095
Murphy LLC,2021-07-28,972,24,40.5
Martinez and Sons,2023-09-25,582,22,26.454545454545453
Mckee Ltd,2021-03-08,692,24,28.833333333333332
Brown LLC,2024-01-27,501,13,38.53846153846154
Hendricks Group,2020-04-25,103,11,9.363636363636363
Martinez and Sons,2020-02-10,439,22,19.954545454545453
Garcia Ltd,2022-02-03,47,21,2.238095238095238
Phillips-Heath,2022-10-03,985,20,49.25
"Stevens, Leblanc and Foster",2022-01-06,620,17,36.470588235294116
Palmer PLC,2022-06-05,756,10,75.6
Hendricks Group,2023-10-17,673,13,51.76923076923077
Phillips-Heath,2020-05-03,378,12,31.5
Martinez and Sons,2020-04-03,370,16,23.125
Mckee Ltd,2023-06-16,33,7,4.714285714285714
"Nguyen, Ruiz and Mayer",2019-10-06,472,17,27.764705882352942
Mckee Ltd,2023-05-17,74,13,5.6923076923076925
"Stevens, Leblanc and Foster",2019-04-10,704,19,37.05263157894737
"Patterson, Moon and Woods",2019-09-05,598,7,85.42857142857143
"Stevens, Leblanc and Foster",2020-02-18,730,19,38.421052631578945
"Patterson, Moon and Woods",2024-04-22,687,14,49.07142857142857
"Patterson, Moon and Woods",2020-09-28,580,23,25.217391304347824
Mckee Ltd,2023-03-29,19,16,1.1875
Mckee Ltd,2020-01-25,354,5,70.8
"Nguyen, Ruiz and Mayer",2020-03-31,141,7,20.142857142857142
Garcia Ltd,2022-03-20,833,5,166.6
Brown LLC,2020-02-12,71,15,4.733333333333333
Palmer PLC,2020-03-22,849,7,121.28571428571429
Martinez and Sons,2019-05-16,40,12,3.3333333333333335
Hendricks Group,2022-01-11,848,11,77.0909090909091
"Nguyen, Ruiz and Mayer",2019-11-21,174,9,19.333333333333332
Martinez and Sons,2024-07-06,898,17,52.8235294117647
Mckee Ltd,2021-02-10,518,14,37.0
Palmer PLC,2024-06-02,726,23,31.565217391304348
Palmer PLC,2022-09-13,112,14,8.0
Martinez and Sons,2022-03-10,250,5,50.0
"Patterson, Moon and Woods",2021-06-01,221,10,22.1
Hendricks Group,2021-04-06,286,6,47.666666666666664
Hendricks Group,2019-02-12,24,13,1.8461538461538463
Huynh-Wilkerson,2024-01-26,895,7,127.85714285714286
"Nguyen, Ruiz and Mayer",2022-08-03,491,14,35.07142857142857
Hendricks Group,2019-12-31,38,15,2.533333333333333
"Stevens, Leblanc and Foster",2024-05-15,444,15,29.6
Murphy LLC,2021-06-16,519,17,30.529411764705884
"Patterson, Moon and Woods",2019-10-24,456,12,38.0
Murphy LLC,2021-12-27,399,12,33.25
"Wu, Cooper and Pierce",2023-11-12,343,21,16.333333333333332
Phillips-Heath,2020-12-11,752,23,32.69565217391305
Garcia Ltd,2019-10-02,340,18,18.88888888888889
Morales,2021-02-21,952,15,63.46666666666667
"Stevens, Leblanc and Foster",2019-10-23,592,14,42.285714285714285
Brown LLC,2023-11-30,729,18,40.5
Morales,2022-11-18,937,14,66.92857142857143
"Nguyen, Ruiz and Mayer",2020-10-29,201,18,11.166666666666666
Morales,2023-12-10,542,11,49.27272727272727
Mckee Ltd,2021-02-28,226,17,13.294117647058824
Garcia Ltd,2020-07-31,886,12,73.83333333333333
Hendricks Group,2020-01-30,677,8,84.625
Martinez and Sons,2020-06-30,674,7,96.28571428571429
Morales,2019-11-14,801,16,50.0625
Garcia Ltd,2019-09-04,642,12,53.5
"Stevens, Leblanc and Foster",2021-06-03,819,14,58.5
Huynh-Wilkerson,2023-02-05,712,18,39.55555555555556
Huynh-Wilkerson,2024-06-24,254,9,28.22222222222222
Huynh-Wilkerson,2019-02-13,518,23,22.52173913043478
Phillips-Heath,2019-08-02,904,24,37.666666666666664
"Patterson, Moon and Woods",2024-04-16,675,16,42.1875
Mckee Ltd,2020-12-15,693,7,99.0
Mckee Ltd,2023-07-18,159,7,22.714285714285715
Martinez and Sons,2022-11-27,626,21,29.80952380952381
"Nguyen, Ruiz and Mayer",2022-04-24,345,16,21.5625
Palmer PLC,2024-02-24,156,9,17.333333333333332
Brown LLC,2023-06-17,882,8,110.25
"Patterson, Moon and Woods",2023-11-20,90,24,3.75
Morales,2024-02-26,627,12,52.25
"Nguyen, Ruiz and Mayer",2022-05-19,951,15,63.4
Phillips-Heath,2019-12-15,772,7,110.28571428571429
"Stevens, Leblanc and Foster",2019-04-09,391,18,21.72222222222222
Phillips-Heath,2019-05-14,95,14,6.785714285714286
Huynh-Wilkerson,2024-02-17,575,13,44.23076923076923
Hendricks Group,2021-10-31,121,5,24.2
Brown LLC,2020-03-18,140,9,15.555555555555555
Phillips-Heath,2020-03-02,308,10,30.8
Morales,2020-01-28,349,5,69.8
Phillips-Heath,2023-02-26,309,24,12.875
Huynh-Wilkerson,2022-05-22,114,14,8.142857142857142
Garcia Ltd,2022-01-23,479,12,39.916666666666664
Murphy LLC,2019-01-14,906,21,43.142857142857146
"Wu, Cooper and Pierce",2021-07-04,64,5,12.8
Martinez and Sons,2021-05-14,976,17,57.411764705882355
Huynh-Wilkerson,2022-07-06,355,11,32.27272727272727
Morales,2019-03-02,174,23,7.565217391304348
"Patterson, Moon and Woods",2021-12-17,773,24,32.208333333333336
"Patterson, Moon and Woods",2024-04-03,217,10,21.7
Murphy LLC,2023-03-09,522,23,22.695652173913043
Brown LLC,2024-06-30,724,7,103.42857142857143
Brown LLC,2024-07-05,938,9,104.22222222222223
Garcia Ltd,2019-03-08,515,13,39.61538461538461
Hendricks Group,2020-08-31,907,21,43.19047619047619
Murphy LLC,2024-06-27,179,23,7.782608695652174
"Wu, Cooper and Pierce",2021-08-07,914,16,57.125
"Patterson, Moon and Woods",2022-08-12,366,6,61.0
Brown LLC,2023-09-26,678,23,29.47826086956522
Hendricks Group,2019-07-20,450,24,18.75
"Stevens, Leblanc and Foster",2021-10-27,428,23,18.608695652173914
Huynh-Wilkerson,2023-03-10,585,20,29.25
Palmer PLC,2022-10-20,181,21,8.619047619047619
Hendricks Group,2020-08-18,342,14,24.428571428571427
Brown LLC,2022-03-19,953,11,86.63636363636364
Garcia Ltd,2019-07-07,670,12,55.833333333333336
Palmer PLC,2021-10-25,817,20,40.85
Mckee Ltd,2019-11-22,684,16,42.75
Palmer PLC,2021-03-23,257,22,11.681818181818182
Brown LLC,2021-02-22,881,22,40.04545454545455
Palmer PLC,2021-08-18,559,5,111.8
"Stevens, Leblanc and Foster",2020-09-04,444,24,18.5
Martinez and Sons,2019-10-19,200,22,9.090909090909092
Palmer PLC,2020-07-28,271,21,12.904761904761905
Martinez and Sons,2023-09-13,392,15,26.133333333333333
Huynh-Wilkerson,2024-05-02,698,5,139.6
"Stevens, Leblanc and Foster",2024-05-18,390,20,19.5
Palmer PLC,2021-11-19,880,18,48.888888888888886
Mckee Ltd,2020-02-29,99,21,4.714285714285714
Mckee Ltd,2020-12-03,152,12,12.666666666666666
"Patterson, Moon and Woods",2024-04-23,894,10,89.4
Hendricks Group,2019-05-23,991,24,41.291666666666664
Brown LLC,2023-03-08,48,8,6.0
Huynh-Wilkerson,2019-01-21,722,15,48.13333333333333
Huynh-Wilkerson,2023-06-30,63,18,3.5
Brown LLC,2022-11-07,737,13,56.69230769230769
Martinez and Sons,2019-02-02,383,14,27.357142857142858
"Wu, Cooper and Pierce",2023-10-19,35,8,4.375
"Patterson, Moon and Woods",2024-06-09,684,12,57.0
"Wu, Cooper and Pierce",2023-05-15,431,12,35.916666666666664
Garcia Ltd,2022-03-18,125,5,25.0
Morales,2021-04-12,700,23,30.434782608695652
Brown LLC,2021-08-22,936,23,40.69565217391305
Hendricks Group,2019-11-13,902,21,42.95238095238095
Hendricks Group,2021-06-18,586,5,117.2
"Nguyen, Ruiz and Mayer",2019-03-24,622,7,88.85714285714286
Morales,2023-03-23,400,13,30.76923076923077
Hendricks Group,2022-12-23,832,12,69.33333333333333
"Patterson, Moon and Woods",2022-08-02,463,24,19.291666666666668
"Wu, Cooper and Pierce",2021-12-02,905,16,56.5625
Huynh-Wilkerson,2021-08-13,889,21,42.333333333333336
Murphy LLC,2022-05-15,165,16,10.3125
"Patterson, Moon and Woods",2022-04-01,388,19,20.42105263157895
Brown LLC,2020-02-14,683,23,29.695652173913043
Palmer PLC,2024-02-10,830,24,34.583333333333336
Martinez and Sons,2023-03-16,27,10,2.7
Phillips-Heath,2019-12-24,234,17,13.764705882352942
Murphy LLC,2019-11-18,616,10,61.6
"Wu, Cooper and Pierce",2020-12-01,876,5,175.2
Palmer PLC,2021-11-12,609,16,38.0625
Murphy LLC,2019-12-30,590,8,73.75
Murphy LLC,2019-10-07,87,18,4.833333333333333
"Wu, Cooper and Pierce",2023-06-26,89,7,12.714285714285714
"Wu, Cooper and Pierce",2020-12-25,862,10,86.2
"Patterson, Moon and Woods",2021-11-03,449,19,23.63157894736842
"Wu, Cooper and Pierce",2021-11-18,651,19,34.26315789473684
Brown LLC,2019-06-02,291,7,41.57142857142857
Huynh-Wilkerson,2023-09-12,744,17,43.76470588235294
"Nguyen, Ruiz and Mayer",2019-08-11,39,17,2.2941176470588234
"Stevens, Leblanc and Foster",2020-03-07,113,6,18.833333333333332
Mckee Ltd,2021-02-25,364,10,36.4
Huynh-Wilkerson,2022-04-06,218,13,16.76923076923077
Huynh-Wilkerson,2021-03-31,504,15,33.6
Martinez and Sons,2024-03-01,353,19,18.57894736842105
Martinez and Sons,2021-12-15,423,10,42.3
"Wu, Cooper and Pierce",2023-07-16,296,18,16.444444444444443
Hendricks Group,2020-09-12,539,23,23.434782608695652
Garcia Ltd,2020-04-26,143,5,28.6
Murphy LLC,2024-01-10,896,5,179.2
Mckee Ltd,2019-10-22,524,12,43.666666666666664
Palmer PLC,2020-01-27,198,15,13.2
Palmer PLC,2020-03-19,198,17,11.647058823529411
Hendricks Group,2022-02-08,256,20,12.8
Palmer PLC,2024-03-21,886,21,42.19047619047619
Hendricks Group,2024-05-28,298,20,14.9
Hendricks Group,2024-04-30,904,7,129.14285714285714
Martinez and Sons,2019-01-16,736,20,36.8
Martinez and Sons,2023-03-18,867,16,54.1875
Huynh-Wilkerson,2021-02-05,458,15,30.533333333333335
Hendricks Group,2021-06-28,134,13,10.307692307692308
Morales,2020-07-14,612,17,36.0
Brown LLC,2021-10-07,744,23,32.34782608695652
Mckee Ltd,2021-08-29,291,21,13.857142857142858
"Nguyen, Ruiz and Mayer",2022-07-09,319,7,45.57142857142857
Morales,2019-03-28,744,9,82.66666666666667
"Nguyen, Ruiz and Mayer",2020-11-26,556,16,34.75
Brown LLC,2021-08-03,657,10,65.7
Palmer PLC,2019-08-14,228,7,32.57142857142857
"Nguyen, Ruiz and Mayer",2022-07-10,389,10,38.9
Phillips-Heath,2023-04-16,505,19,26.57894736842105
"Wu, Cooper and Pierce",2022-06-01,924,23,40.17391304347826
Phillips-Heath,2019-11-17,429,11,39.0
Brown LLC,2020-09-29,75,9,8.333333333333334
Palmer PLC,2021-08-20,808,24,33.666666666666664
Palmer PLC,2019-07-11,277,15,18.466666666666665
Palmer PLC,2021-05-23,256,16,16.0
Hendricks Group,2024-01-12,680,17,40.0
"Wu, Cooper and Pierce",2019-07-25,703,13,54.07692307692308
"Nguyen, Ruiz and Mayer",2022-11-29,298,19,15.68421052631579
Phillips-Heath,2019-02-07,359,14,25.642857142857142
"Nguyen, Ruiz and Mayer",2022-10-02,598,9,66.44444444444444
Morales,2022-09-03,474,21,22.571428571428573
"Nguyen, Ruiz and Mayer",2021-04-26,669,18,37.166666666666664
Murphy LLC,2021-09-21,835,16,52.1875
"Wu, Cooper and Pierce",2020-10-02,95,21,4.523809523809524
Garcia Ltd,2023-08-25,720,21,34.285714285714285
Palmer PLC,2023-10-22,794,14,56.714285714285715
"Wu, Cooper and Pierce",2019-12-06,979,24,40.791666666666664
"Nguyen, Ruiz and Mayer",2022-01-21,105,7,15.0
"Patterson, Moon and Woods",2020-09-23,305,7,43.57142857142857
Huynh-Wilkerson,2023-07-08,571,16,35.6875
Palmer PLC,2022-08-15,933,18,51.833333333333336
Hendricks Group,2021-10-16,921,10,92.1
Murphy LLC,2024-02-22,316,11,28.727272727272727
Murphy LLC,2020-07-03,522,9,58.0
Hendricks Group,2020-08-14,421,19,22.157894736842106
Murphy LLC,2020-05-28,501,5,100.2
"Wu, Cooper and Pierce",2019-12-02,123,6,20.5
"Nguyen, Ruiz and Mayer",2023-06-01,655,13,50.38461538461539
"Nguyen, Ruiz and Mayer",2019-08-15,912,6,152.0
Hendricks Group,2024-03-30,131,17,7.705882352941177
"Nguyen, Ruiz and Mayer",2021-12-22,982,13,75.53846153846153
Garcia Ltd,2023-10-28,971,14,69.35714285714286
Murphy LLC,2023-01-19,334,13,25.692307692307693
Murphy LLC,2019-07-14,315,16,19.6875
Murphy LLC,2019-12-11,682,12,56.833333333333336
Mckee Ltd,2023-01-03,37,11,3.3636363636363638
Huynh-Wilkerson,2019-04-11,136,11,12.363636363636363
Palmer PLC,2022-09-21,186,5,37.2
Mckee Ltd,2022-12-02,14,22,0.6363636363636364
Phillips-Heath,2023-02-25,75,16,4.6875
"Wu, Cooper and Pierce",2021-04-14,752,16,47.0
"Stevens, Leblanc and Foster",2021-12-13,188,12,15.666666666666666
Martinez and Sons,2021-11-05,541,21,25.761904761904763
"Nguyen, Ruiz and Mayer",2023-01-27,163,6,27.166666666666668
Hendricks Group,2022-08-05,566,8,70.75
Mckee Ltd,2022-09-14,405,14,28.928571428571427
"Stevens, Leblanc and Foster",2024-07-20,812,7,116.0
Hendricks Group,2023-11-03,892,24,37.166666666666664
Mckee Ltd,2021-05-12,27,9,3.0
"Patterson, Moon and Woods",2020-08-26,909,6,151.5
Mckee Ltd,2023-11-09,456,5,91.2
Mckee Ltd,2023-12-27,891,24,37.125
Hendricks Group,2019-06-14,627,5,125.4
Palmer PLC,2023-12-07,837,21,39.857142857142854
Hendricks Group,2022-08-11,922,19,48.526315789473685
Hendricks Group,2023-07-19,380,17,22.352941176470587
Phillips-Heath,2020-06-03,641,22,29.136363636363637
Murphy LLC,2020-08-28,411,11,37.36363636363637
"Stevens, Leblanc and Foster",2022-11-03,875,22,39.77272727272727
"Stevens, Leblanc and Foster",2021-07-08,968,24,40.333333333333336
"Wu, Cooper and Pierce",2021-10-05,191,18,10.61111111111111
Hendricks Group,2021-11-28,122,20,6.1
"Nguyen, Ruiz and Mayer",2021-05-03,906,17,53.294117647058826
Murphy LLC,2020-04-06,887,18,49.27777777777778
"Stevens, Leblanc and Foster",2023-10-24,327,6,54.5
Murphy LLC,2019-05-22,103,14,7.357142857142857
"Wu, Cooper and Pierce",2019-08-20,83,13,6.384615384615385
Martinez and Sons,2019-11-06,666,14,47.57142857142857
Martinez and Sons,2020-02-02,955,21,45.476190476190474
"Wu, Cooper and Pierce",2021-03-12,288,22,13.090909090909092
Phillips-Heath,2023-05-03,588,23,25.565217391304348
"Patterson, Moon and Woods",2020-11-14,633,23,27.52173913043478
Mckee Ltd,2023-06-02,328,24,13.666666666666666
Hendricks Group,2019-10-29,735,22,33.40909090909091
Garcia Ltd,2022-11-05,299,8,37.375
Brown LLC,2019-03-17,735,20,36.75
Phillips-Heath,2020-07-09,960,22,43.63636363636363
Phillips-Heath,2021-05-27,321,20,16.05
Morales,2024-05-13,666,19,35.05263157894737
"Nguyen, Ruiz and Mayer",2022-11-16,508,8,63.5
Garcia Ltd,2019-03-09,355,9,39.44444444444444
"Wu, Cooper and Pierce",2019-10-15,774,8,96.75
Palmer PLC,2020-07-25,819,21,39.0
Murphy LLC,2023-01-04,894,18,49.666666666666664
"Wu, Cooper and Pierce",2023-03-03,136,17,8.0
"Patterson, Moon and Woods",2020-01-02,893,18,49.611111111111114
Brown LLC,2020-01-22,44,7,6.285714285714286
Murphy LLC,2021-03-29,364,13,28.0
"Wu, Cooper and Pierce",2021-03-15,502,5,100.4
Brown LLC,2024-05-14,164,20,8.2
Murphy LLC,2020-04-05,866,5,173.2
"Wu, Cooper and Pierce",2020-03-08,574,20,28.7
"Nguyen, Ruiz and Mayer",2019-01-05,198,5,39.6
Murphy LLC,2021-10-24,599,13,46.07692307692308
"Patterson, Moon and Woods",2023-09-08,98,15,6.533333333333333
Brown LLC,2023-06-19,339,9,37.666666666666664
"Stevens, Leblanc and Foster",2022-12-09,451,11,41.0
Martinez and Sons,2019-06-25,263,15,17.533333333333335
"Wu, Cooper and Pierce",2019-03-07,239,22,10.863636363636363
Mckee Ltd,2020-11-10,178,5,35.6
Brown LLC,2020-12-22,327,17,19.235294117647058
Garcia Ltd,2022-03-28,704,24,29.333333333333332
Garcia Ltd,2023-03-19,294,23,12.782608695652174
Brown LLC,2022-11-21,918,9,102.0
"Wu, Cooper and Pierce",2019-10-05,629,22,28.59090909090909
Morales,2023-08-21,671,23,29.17391304347826
Huynh-Wilkerson,2019-05-13,598,8,74.75
Palmer PLC,2021-09-04,875,22,39.77272727272727
Huynh-Wilkerson,2020-12-09,500,8,62.5
"Patterson, Moon and Woods",2022-11-20,441,18,24.5
Huynh-Wilkerson,2024-04-15,14,14,1.0
Murphy LLC,2024-01-07,614,23,26.695652173913043
Hendricks Group,2023-12-29,217,6,36.166666666666664
Huynh-Wilkerson,2022-10-26,16,5,3.2
Hendricks Group,2022-02-06,383,23,16.652173913043477
Hendricks Group,2021-06-25,983,18,54.611111111111114
Murphy LLC,2019-06-19,36,17,2.1176470588235294
Hendricks Group,2021-03-28,647,23,28.130434782608695
Mckee Ltd,2024-07-16,327,15,21.8
Huynh-Wilkerson,2019-04-23,254,17,14.941176470588236
Morales,2022-10-15,144,6,24.0
"Wu, Cooper and Pierce",2022-03-30,740,16,46.25
Hendricks Group,2024-06-06,583,22,26.5
Huynh-Wilkerson,2020-10-20,501,10,50.1
"Wu, Cooper and Pierce",2023-12-28,463,14,33.07142857142857
"Stevens, Leblanc and Foster",2024-06-25,417,13,32.07692307692308
"Wu, Cooper and Pierce",2019-01-19,198,6,33.0
Huynh-Wilkerson,2020-03-29,38,12,3.1666666666666665
Mckee Ltd,2023-06-09,65,18,3.611111111111111
"Patterson, Moon and Woods",2022-06-18,989,16,61.8125
Phillips-Heath,2022-09-20,807,5,161.4
Palmer PLC,2021-08-14,420,9,46.666666666666664
"Nguyen, Ruiz and Mayer",2023-07-21,329,8,41.125
Hendricks Group,2022-05-14,748,12,62.333333333333336
Murphy LLC,2022-11-17,999,20,49.95
"Patterson, Moon and Woods",2021-01-26,931,7,133.0
Garcia Ltd,2022-04-13,291,7,41.57142857142857
Brown LLC,2019-09-13,948,17,55.76470588235294
Morales,2020-03-10,56,10,5.6
Murphy LLC,2021-03-14,822,19,43.26315789473684
Brown LLC,2021-06-26,320,19,16.842105263157894
Huynh-Wilkerson,2020-10-07,134,17,7.882352941176471
Brown LLC,2022-03-24,873,16,54.5625
Martinez and Sons,2021-02-26,974,24,40.583333333333336
Brown LLC,2020-12-04,634,14,45.285714285714285
Morales,2023-02-23,884,21,42.095238095238095
Brown LLC,2020-01-10,584,5,116.8
Morales,2019-04-02,928,8,116.0
Palmer PLC,2020-08-01,76,6,12.666666666666666
Garcia Ltd,2023-06-06,285,24,11.875
Morales,2023-01-17,88,6,14.666666666666666
Martinez and Sons,2019-12-21,458,21,21.80952380952381
Brown LLC,2021-02-14,207,20,10.35
"Patterson, Moon and Woods",2023-12-16,599,24,24.958333333333332
"Wu, Cooper and Pierce",2022-04-04,521,24,21.708333333333332
Morales,2022-02-14,599,13,46.07692307692308
Huynh-Wilkerson,2023-06-12,136,13,10.461538461538462
Brown LLC,2024-06-04,77,15,5.133333333333334
"Wu, Cooper and Pierce",2022-05-08,86,10,8.6
Phillips-Heath,2023-09-23,160,23,6.956521739130435
Morales,2020-09-11,170,11,15.454545454545455
Mckee Ltd,2020-04-10,30,24,1.25
Hendricks Group,2021-07-11,663,20,33.15
Phillips-Heath,2023-01-18,69,5,13.8
Mckee Ltd,2022-08-01,140,7,20.0
Garcia Ltd,2019-10-11,129,5,25.8
"Stevens, Leblanc and Foster",2020-01-09,836,5,167.2
Palmer PLC,2019-11-27,497,21,23.666666666666668
Mckee Ltd,2024-06-26,474,16,29.625
"Wu, Cooper and Pierce",2021-01-06,943,24,39.291666666666664
Morales,2019-08-28,767,7,109.57142857142857
Martinez and Sons,2020-09-25,193,6,32.166666666666664
Brown LLC,2024-07-01,26,22,1.1818181818181819
Huynh-Wilkerson,2022-06-21,384,14,27.428571428571427
Morales,2021-02-23,145,7,20.714285714285715
"Patterson, Moon and Woods",2021-02-24,670,15,44.666666666666664
Morales,2023-07-11,424,20,21.2
Murphy LLC,2023-04-12,502,24,20.916666666666668
"Nguyen, Ruiz and Mayer",2023-07-04,788,5,157.6
Brown LLC,2019-03-25,678,14,48.42857142857143
Mckee Ltd,2021-11-15,97,24,4.041666666666667
Huynh-Wilkerson,2023-11-07,557,22,25.318181818181817
Murphy LLC,2020-05-22,397,22,18.045454545454547
Brown LLC,2022-09-08,317,15,21.133333333333333
"Nguyen, Ruiz and Mayer",2019-09-15,608,9,67.55555555555556
"Stevens, Leblanc and Foster",2023-11-11,165,21,7.857142857142857
Garcia Ltd,2020-03-27,286,19,15.052631578947368
Murphy LLC,2022-10-28,947,6,157.83333333333334
Huynh-Wilkerson,2019-02-17,162,22,7.363636363636363
Garcia Ltd,2020-04-12,755,15,50.333333333333336
"Wu, Cooper and Pierce",2021-09-24,169,17,9.941176470588236
"Stevens, Leblanc and Foster",2020-09-13,337,24,14.041666666666666
Morales,2022-06-09,99,22,4.5
Murphy LLC,2019-07-17,804,14,57.42857142857143
Palmer PLC,2021-07-02,48,17,2.823529411764706
Hendricks Group,2023-03-15,142,16,8.875
"Nguyen, Ruiz and Mayer",2022-09-29,594,13,45.69230769230769
Brown LLC,2020-07-21,653,14,46.642857142857146
"Patterson, Moon and Woods",2023-11-15,199,22,9.045454545454545
Huynh-Wilkerson,2023-10-04,324,7,46.285714285714285
Palmer PLC,2021-11-23,839,20,41.95
Mckee Ltd,2020-11-21,849,14,60.642857142857146
Phillips-Heath,2019-03-01,654,6,109.0
Mckee Ltd,2023-10-10,267,15,17.8
Hendricks Group,2021-05-19,975,13,75.0
"Stevens, Leblanc and Foster",2022-06-11,688,23,29.91304347826087
Garcia Ltd,2019-07-31,584,6,97.33333333333333
Morales,2019-09-18,769,24,32.041666666666664
Huynh-Wilkerson,2021-01-15,637,16,39.8125
"Patterson, Moon and Woods",2021-01-28,649,15,43.266666666666666
Brown LLC,2022-09-16,596,17,35.05882352941177
Brown LLC,2019-02-23,796,14,56.857142857142854
"Nguyen, Ruiz and Mayer",2023-04-27,151,21,7.190476190476191
Hendricks Group,2022-11-22,734,15,48.93333333333333
"Nguyen, Ruiz and Mayer",2021-09-11,875,18,48.611111111111114
Mckee Ltd,2024-04-20,260,13,20.0
Huynh-Wilkerson,2019-07-08,408,19,21.473684210526315
Huynh-Wilkerson,2022-08-09,837,11,76.0909090909091
Hendricks Group,2022-02-18,609,11,55.36363636363637
"Wu, Cooper and Pierce",2024-05-05,380,21,18.095238095238095
"Nguyen, Ruiz and Mayer",2022-03-23,374,11,34.0
Garcia Ltd,2019-02-19,743,5,148.6
Hendricks Group,2021-12-12,624,12,52.0
Martinez and Sons,2024-03-31,257,7,36.714285714285715
"Wu, Cooper and Pierce",2023-03-25,209,9,23.22222222222222
Phillips-Heath,2019-10-27,921,18,51.166666666666664
Morales,2019-07-28,234,18,13.0
Palmer PLC,2019-03-16,675,18,37.5
"Patterson, Moon and Woods",2024-02-09,53,19,2.789473684210526
Huynh-Wilkerson,2022-11-26,254,6,42.333333333333336
Murphy LLC,2024-07-15,97,9,10.777777777777779
"Stevens, Leblanc and Foster",2023-01-01,384,16,24.0
Huynh-Wilkerson,2019-02-28,817,20,40.85
Garcia Ltd,2020-12-21,276,15,18.4
"Patterson, Moon and Woods",2020-03-14,547,21,26.047619047619047
Palmer PLC,2022-10-12,461,20,23.05
Brown LLC,2020-08-03,581,11,52.81818181818182
Brown LLC,2021-12-23,946,9,105.11111111111111
Brown LLC,2023-11-27,349,20,17.45
"Nguyen, Ruiz and Mayer",2022-02-05,839,15,55.93333333333333
Garcia Ltd,2024-02-02,688,8,86.0
Murphy LLC,2022-11-14,836,17,49.1764705882353
Brown LLC,2023-09-24,547,8,68.375
Mckee Ltd,2023-06-07,503,7,71.85714285714286
Phillips-Heath,2023-08-17,763,9,84.77777777777777
Martinez and Sons,2021-06-05,151,13,11.615384615384615
"Stevens, Leblanc and Foster",2020-09-16,394,5,78.8
Murphy LLC,2022-07-16,678,18,37.666666666666664
Huynh-Wilkerson,2023-06-13,974,18,54.111111111111114
Brown LLC,2021-02-15,254,9,28.22222222222222
Huynh-Wilkerson,2019-11-29,971,22,44.13636363636363
"Wu, Cooper and Pierce",2021-03-10,124,15,8.266666666666667
Palmer PLC,2019-08-23,646,10,64.6
Huynh-Wilkerson,2023-10-11,641,17,37.705882352941174
"Patterson, Moon and Woods",2021-01-17,436,13,33.53846153846154
Garcia Ltd,2022-09-17,757,24,31.541666666666668
Huynh-Wilkerson,2019-01-24,77,12,6.416666666666667
"Wu, Cooper and Pierce",2023-05-07,922,21,43.904761904761905
Hendricks Group,2019-07-30,342,7,48.857142857142854
Martinez and Sons,2022-08-08,932,21,44.38095238095238
Murphy LLC,2021-03-22,266,16,16.625
Morales,2021-06-29,258,19,13.578947368421053
Morales,2022-04-20,936,19,49.26315789473684
Garcia Ltd,2019-09-28,668,7,95.42857142857143
Murphy LLC,2020-10-09,51,14,3.642857142857143
Garcia Ltd,2022-12-01,258,18,14.333333333333334
"Stevens, Leblanc and Foster",2022-01-15,582,6,97.0
Garcia Ltd,2023-09-06,315,6,52.5
"Patterson, Moon and Woods",2019-09-26,720,22,32.72727272727273
Morales,2023-10-12,130,8,16.25
"Stevens, Leblanc and Foster",2022-12-20,329,15,21.933333333333334
Brown LLC,2023-06-20,385,22,17.5
Brown LLC,2023-01-22,131,19,6.894736842105263
Murphy LLC,2020-02-15,559,9,62.111111111111114
Hendricks Group,2024-06-13,330,12,27.5
"Stevens, Leblanc and Foster",2021-08-10,516,10,51.6
Murphy LLC,2023-07-20,197,5,39.4
Phillips-Heath,2022-03-08,44,12,3.6666666666666665
Phillips-Heath,2020-11-16,955,23,41.52173913043478
Garcia Ltd,2024-07-04,397,22,18.045454545454547
Garcia Ltd,2023-01-23,675,23,29.347826086956523
Garcia Ltd,2019-10-20,397,24,16.541666666666668
Palmer PLC,2022-12-18,419,9,46.55555555555556
Garcia Ltd,2020-01-08,138,19,7.2631578947368425
"Patterson, Moon and Woods",2024-03-14,965,8,120.625
Phillips-Heath,2021-05-05,122,9,13.555555555555555
Phillips-Heath,2020-06-13,63,7,9.0
Phillips-Heath,2021-05-26,393,24,16.375
Morales,2023-12-15,791,19,41.63157894736842
Morales,2022-05-23,817,9,90.77777777777777
"Wu, Cooper and Pierce",2021-06-12,173,12,14.416666666666666
Martinez and Sons,2023-05-23,664,12,55.333333333333336
Palmer PLC,2019-07-19,354,18,19.666666666666668
"Stevens, Leblanc and Foster",2022-09-06,606,19,31.894736842105264
Mckee Ltd,2024-03-18,906,24,37.75
"Stevens, Leblanc and Foster",2023-01-05,288,14,20.571428571428573
Phillips-Heath,2022-04-05,729,19,38.36842105263158
Mckee Ltd,2024-01-13,125,16,7.8125
Mckee Ltd,2022-10-09,265,8,33.125
Murphy LLC,2021-11-25,683,13,52.53846153846154
Garcia Ltd,2023-08-11,426,6,71.0
Martinez and Sons,2023-06-23,892,13,68.61538461538461
Mckee Ltd,2020-10-22,500,17,29.41176470588235
Morales,2021-03-06,554,21,26.38095238095238
Morales,2022-01-16,744,19,39.1578947368421
"Wu, Cooper and Pierce",2022-06-16,993,7,141.85714285714286
Garcia Ltd,2022-09-23,516,22,23.454545454545453
Morales,2019-03-30,473,9,52.55555555555556
Morales,2019-02-21,81,23,3.5217391304347827
"Patterson, Moon and Woods",2020-08-06,212,22,9.636363636363637
Huynh-Wilkerson,2019-07-16,223,21,10.619047619047619
Mckee Ltd,2023-06-29,417,14,29.785714285714285
Brown LLC,2023-02-11,352,5,70.4
Murphy LLC,2020-10-06,236,7,33.714285714285715
"Patterson, Moon and Woods",2020-09-21,929,17,54.64705882352941
Mckee Ltd,2024-01-20,128,17,7.529411764705882
Martinez and Sons,2023-08-18,169,10,16.9
Murphy LLC,2024-06-07,484,8,60.5
"Wu, Cooper and Pierce",2023-05-04,541,11,49.18181818181818
"Patterson, Moon and Woods",2019-06-04,741,21,35.285714285714285
"Patterson, Moon and Woods",2020-01-11,475,22,21.59090909090909
"Stevens, Leblanc and Foster",2020-02-20,773,12,64.41666666666667
Palmer PLC,2022-08-19,896,10,89.6
Morales,2024-05-20,607,9,67.44444444444444
"Patterson, Moon and Woods",2019-07-13,176,5,35.2
"Patterson, Moon and Woods",2019-04-18,979,11,89.0
Huynh-Wilkerson,2020-01-21,275,10,27.5
Hendricks Group,2019-06-23,941,6,156.83333333333334
Hendricks Group,2023-12-25,144,20,7.2
Phillips-Heath,2024-05-19,331,23,14.391304347826088
Morales,2024-01-19,204,13,15.692307692307692
"Wu, Cooper and Pierce",2022-10-06,873,18,48.5
Murphy LLC,2023-06-10,696,24,29.0
"Stevens, Leblanc and Foster",2023-02-19,592,23,25.73913043478261
Martinez and Sons,2023-08-08,591,17,34.76470588235294
Murphy LLC,2023-05-21,679,14,48.5
"Nguyen, Ruiz and Mayer",2023-08-09,809,13,62.23076923076923
Brown LLC,2023-02-08,719,11,65.36363636363636
Mckee Ltd,2020-01-23,267,18,14.833333333333334
Phillips-Heath,2022-09-12,612,12,51.0
Garcia Ltd,2023-10-02,127,6,21.166666666666668
Huynh-Wilkerson,2024-01-25,830,6,138.33333333333334
"Wu, Cooper and Pierce",2020-02-23,243,23,10.565217391304348
Brown LLC,2020-09-03,226,9,25.11111111111111
Garcia Ltd,2022-06-02,384,9,42.666666666666664
Martinez and Sons,2019-05-05,37,19,1.9473684210526316
Phillips-Heath,2022-04-19,912,8,114.0
"Wu, Cooper and Pierce",2024-04-10,843,5,168.6
Murphy LLC,2020-09-01,190,8,23.75
Hendricks Group,2021-02-07,603,20,30.15
"Nguyen, Ruiz and Mayer",2019-08-18,685,10,68.5
Palmer PLC,2023-12-14,275,14,19.642857142857142
"Nguyen, Ruiz and Mayer",2021-09-05,423,13,32.53846153846154
"Stevens, Leblanc and Foster",2019-01-27,817,17,48.05882352941177
Brown LLC,2022-12-24,201,19,10.578947368421053
Palmer PLC,2021-01-02,444,10,44.4
Garcia Ltd,2022-04-26,163,15,10.866666666666667
Brown LLC,2021-04-23,387,8,48.375
Brown LLC,2023-01-12,384,13,29.53846153846154
"Nguyen, Ruiz and Mayer",2021-02-09,631,13,48.53846153846154
Huynh-Wilkerson,2021-09-28,267,6,44.5
"Nguyen, Ruiz and Mayer",2021-02-18,176,23,7.6521739130434785
Huynh-Wilkerson,2023-12-08,462,12,38.5
Martinez and Sons,2022-02-22,903,10,90.3
"Stevens, Leblanc and Foster",2022-06-08,160,24,6.666666666666667
Huynh-Wilkerson,2020-12-12,713,6,118.83333333333333
Murphy LLC,2023-05-28,48,20,2.4
Huynh-Wilkerson,2022-06-22,96,10,9.6
Murphy LLC,2022-01-12,427,21,20.333333333333332
Mckee Ltd,2020-09-30,457,8,57.125
Murphy LLC,2021-07-20,963,16,60.1875
Hendricks Group,2022-11-11,496,22,22.545454545454547
Phillips-Heath,2022-09-07,89,14,6.357142857142857
Garcia Ltd,2020-02-13,622,21,29.61904761904762
Garcia Ltd,2019-11-09,310,24,12.916666666666666
"Patterson, Moon and Woods",2020-07-11,640,10,64.0
Murphy LLC,2022-09-18,533,17,31.352941176470587
"Patterson, Moon and Woods",2023-01-02,117,5,23.4
Garcia Ltd,2021-11-08,894,6,149.0
"Stevens, Leblanc and Foster",2021-09-17,623,7,89.0
Martinez and Sons,2021-05-30,788,10,78.8
Mckee Ltd,2020-05-09,990,22,45.0
Mckee Ltd,2023-10-06,251,9,27.88888888888889
Phillips-Heath,2021-01-11,425,18,23.61111111111111
Martinez and Sons,2022-09-28,371,21,17.666666666666668
Phillips-Heath,2021-07-31,834,21,39.714285714285715
Murphy LLC,2022-09-15,675,23,29.347826086956523
"Stevens, Leblanc and Foster",2024-04-28,293,13,22.53846153846154
"Patterson, Moon and Woods",2022-09-26,271,5,54.2
Morales,2023-10-03,369,13,28.384615384615383
"Wu, Cooper and Pierce",2021-08-16,738,7,105.42857142857143
Mckee Ltd,2022-08-10,679,7,97.0
"Wu, Cooper and Pierce",2022-06-23,116,5,23.2
Mckee Ltd,2023-09-14,406,24,16.916666666666668
"Wu, Cooper and Pierce",2022-02-20,594,12,49.5
Brown LLC,2023-11-10,64,10,6.4
Martinez and Sons,2021-03-18,820,19,43.1578947368421
Hendricks Group,2024-01-02,315,9,35.0
Morales,2021-07-18,671,23,29.17391304347826
Martinez and Sons,2023-03-05,24,23,1.0434782608695652
"Nguyen, Ruiz and Mayer",2024-05-31,364,17,21.41176470588235
Garcia Ltd,2022-12-07,399,22,18.136363636363637
Huynh-Wilkerson,2020-11-06,348,5,69.6
Mckee Ltd,2024-05-01,931,8,116.375
Hendricks Group,2020-03-09,701,9,77.88888888888889
Morales,2020-10-17,337,16,21.0625
"Patterson, Moon and Woods",2019-08-06,68,5,13.6
Hendricks Group,2024-02-16,256,5,51.2
Martinez and Sons,2022-07-27,586,18,32.55555555555556
"Patterson, Moon and Woods",2021-01-07,906,14,64.71428571428571
"Wu, Cooper and Pierce",2019-09-01,260,13,20.0
"Patterson, Moon and Woods",2023-11-02,831,13,63.92307692307692
"Patterson, Moon and Woods",2023-02-14,516,17,30.352941176470587
"Patterson, Moon and Woods",2022-01-03,486,16,30.375
Mckee Ltd,2020-04-23,898,15,59.86666666666667
Murphy LLC,2019-10-10,944,6,157.33333333333334
Garcia Ltd,2021-11-20,122,11,11.090909090909092
Murphy LLC,2020-09-15,437,6,72.83333333333333
"Nguyen, Ruiz and Mayer",2021-06-23,504,15,33.6
Brown LLC,2024-02-18,24,7,3.4285714285714284
Mckee Ltd,2022-03-29,501,6,83.5
Brown LLC,2021-01-01,957,5,191.4
Palmer PLC,2019-01-03,708,24,29.5
Martinez and Sons,2019-04-13,770,18,42.77777777777778
"Wu, Cooper and Pierce",2023-12-05,881,5,176.2
Brown LLC,2024-02-12,32,22,1.4545454545454546
Palmer PLC,2020-01-24,301,13,23.153846153846153
"Wu, Cooper and Pierce",2022-01-14,125,6,20.833333333333332
Martinez and Sons,2020-04-11,897,14,64.07142857142857
Hendricks Group,2023-03-30,367,8,45.875
Garcia Ltd,2023-06-03,675,20,33.75
Garcia Ltd,2019-08-09,139,9,15.444444444444445
Phillips-Heath,2022-03-16,736,21,35.04761904761905
Morales,2021-12-16,754,16,47.125
Phillips-Heath,2019-06-08,419,7,59.857142857142854
"Stevens, Leblanc and Foster",2019-04-25,17,24,0.7083333333333334
Brown LLC,2023-12-24,183,24,7.625
Morales,2020-06-27,316,16,19.75
Mckee Ltd,2021-06-20,789,22,35.86363636363637
"Nguyen, Ruiz and Mayer",2023-04-23,948,7,135.42857142857142
Morales,2020-04-13,75,14,5.357142857142857
Hendricks Group,2021-09-19,978,22,44.45454545454545
"Stevens, Leblanc and Foster",2021-07-06,979,23,42.56521739130435
Garcia Ltd,2021-08-24,887,20,44.35
"Patterson, Moon and Woods",2022-10-14,518,24,21.583333333333332
"Wu, Cooper and Pierce",2019-01-25,550,12,45.833333333333336
Hendricks Group,2019-05-11,104,11,9.454545454545455
Palmer PLC,2022-04-14,199,19,10.473684210526315
Martinez and Sons,2021-08-06,354,12,29.5
"Patterson, Moon and Woods",2021-01-24,932,5,186.4
Hendricks Group,2023-02-22,85,9,9.444444444444445
Morales,2024-04-01,325,14,23.214285714285715
Garcia Ltd,2019-05-03,878,14,62.714285714285715
Mckee Ltd,2022-07-21,181,20,9.05
Martinez and Sons,2022-05-06,123,15,8.2
Murphy LLC,2023-03-17,381,22,17.318181818181817
Hendricks Group,2022-02-21,973,23,42.30434782608695
Hendricks Group,2020-05-01,856,12,71.33333333333333
"Patterson, Moon and Woods",2022-04-08,116,18,6.444444444444445
Mckee Ltd,2020-10-13,218,6,36.333333333333336
Garcia Ltd,2020-11-23,681,21,32.42857142857143
Morales,2022-05-24,211,22,9.590909090909092
"Nguyen, Ruiz and Mayer",2021-06-08,467,7,66.71428571428571
Murphy LLC,2022-05-09,202,20,10.1
Hendricks Group,2020-02-03,195,16,12.1875
Garcia Ltd,2021-11-02,554,13,42.61538461538461
Phillips-Heath,2021-11-21,481,10,48.1
"Patterson, Moon and Woods",2021-12-03,93,11,8.454545454545455
Palmer PLC,2021-12-06,316,22,14.363636363636363
Garcia Ltd,2020-04-19,425,9,47.22222222222222
Garcia Ltd,2021-02-27,162,7,23.142857142857142
"Nguyen, Ruiz and Mayer",2021-05-09,133,24,5.541666666666667
"Stevens, Leblanc and Foster",2022-07-31,571,23,24.82608695652174
Palmer PLC,2020-01-12,450,9,50.0
Phillips-Heath,2019-09-12,577,8,72.125
"Stevens, Leblanc and Foster",2020-04-16,155,11,14.090909090909092
"Nguyen, Ruiz and Mayer",2022-09-02,614,16,38.375
Mckee Ltd,2021-09-25,42,23,1.826086956521739
Martinez and Sons,2020-06-15,319,19,16.789473684210527
Murphy LLC,2022-03-22,730,13,56.15384615384615
Phillips-Heath,2023-05-06,268,23,11.652173913043478
Mckee Ltd,2022-01-05,659,8,82.375
"Wu, Cooper and Pierce",2024-03-12,921,7,131.57142857142858
Mckee Ltd,2019-02-14,467,16,29.1875
"Stevens, Leblanc and Foster",2021-01-22,919,15,61.266666666666666
Brown LLC,2021-04-20,431,22,19.59090909090909
Garcia Ltd,2023-05-22,745,17,43.8235294117647
"Wu, Cooper and Pierce",2020-03-26,352,13,27.076923076923077
Morales,2020-03-15,513,14,36.642857142857146
Hendricks Group,2021-04-18,951,5,190.2
Palmer PLC,2020-11-30,497,23,21.608695652173914
Hendricks Group,2024-04-21,408,11,37.09090909090909
Huynh-Wilkerson,2023-03-26,143,15,9.533333333333333
Garcia Ltd,2023-03-31,405,13,31.153846153846153
Huynh-Wilkerson,2023-07-23,894,20,44.7
Mckee Ltd,2023-09-27,474,21,22.571428571428573
"Patterson, Moon and Woods",2022-06-27,21,23,0.9130434782608695
Martinez and Sons,2020-10-01,837,17,49.23529411764706
Martinez and Sons,2019-06-11,312,11,28.363636363636363
Phillips-Heath,2020-02-05,212,20,10.6
Hendricks Group,2023-02-17,661,11,60.09090909090909
Brown LLC,2022-06-19,492,12,41.0
"Stevens, Leblanc and Foster",2023-04-11,349,17,20.529411764705884
"Patterson, Moon and Woods",2022-12-14,272,9,30.22222222222222
"Stevens, Leblanc and Foster",2020-05-13,135,20,6.75
Phillips-Heath,2020-12-19,867,18,48.166666666666664
Huynh-Wilkerson,2019-02-11,978,21,46.57142857142857
Huynh-Wilkerson,2021-06-24,13,17,0.7647058823529411
Palmer PLC,2024-01-24,210,12,17.5
Morales,2021-03-09,642,24,26.75
Palmer PLC,2024-03-13,195,9,21.666666666666668
Brown LLC,2023-04-30,975,24,40.625
Garcia Ltd,2024-05-29,247,13,19.0
Morales,2020-12-24,711,16,44.4375
Murphy LLC,2021-06-17,895,7,127.85714285714286
Palmer PLC,2021-09-29,91,24,3.7916666666666665
"Wu, Cooper and Pierce",2024-02-05,120,16,7.5
"Stevens, Leblanc and Foster",2020-01-18,551,22,25.045454545454547
Murphy LLC,2019-06-29,465,13,35.76923076923077
Morales,2020-06-12,21,5,4.2
"Nguyen, Ruiz and Mayer",2019-12-05,639,24,26.625
"Wu, Cooper and Pierce",2020-01-05,646,22,29.363636363636363
Martinez and Sons,2023-04-25,256,13,19.692307692307693
Murphy LLC,2019-07-01,462,24,19.25
Mckee Ltd,2019-08-26,899,18,49.94444444444444
"Stevens, Leblanc and Foster",2020-08-29,334,7,47.714285714285715
Hendricks Group,2021-04-08,663,21,31.571428571428573
Brown LLC,2024-01-30,888,10,88.8
Garcia Ltd,2020-07-15,232,16,14.5
Huynh-Wilkerson,2022-06-04,52,21,2.4761904761904763
Palmer PLC,2023-02-09,872,7,124.57142857142857
Brown LLC,2020-10-30,817,7,116.71428571428571
"Stevens, Leblanc and Foster",2020-06-25,811,11,73.72727272727273
Phillips-Heath,2021-10-18,110,14,7.857142857142857
Garcia Ltd,2019-04-29,836,15,55.733333333333334
Morales,2022-10-17,247,15,16.466666666666665
"Wu, Cooper and Pierce",2020-09-08,244,7,34.857142857142854
"Wu, Cooper and Pierce",2019-08-30,18,13,1.3846153846153846
Murphy LLC,2020-11-19,568,13,43.69230769230769
Martinez and Sons,2020-06-20,723,7,103.28571428571429
Brown LLC,2019-04-22,841,7,120.14285714285714
Martinez and Sons,2021-11-11,76,11,6.909090909090909
Phillips-Heath,2019-09-20,480,21,22.857142857142858
"Patterson, Moon and Woods",2023-10-18,799,22,36.31818181818182
"Nguyen, Ruiz and Mayer",2023-11-18,175,7,25.0
Palmer PLC,2019-12-18,848,20,42.4
Phillips-Heath,2023-05-10,272,21,12.952380952380953
"Wu, Cooper and Pierce",2020-10-23,646,14,46.142857142857146
Mckee Ltd,2019-11-02,527,7,75.28571428571429
Hendricks Group,2022-07-14,161,9,17.88888888888889
Huynh-Wilkerson,2023-11-26,184,6,30.666666666666668
Murphy LLC,2021-09-27,422,15,28.133333333333333
Mckee Ltd,2022-12-31,715,10,71.5
Martinez and Sons,2023-11-29,759,17,44.64705882352941
"Stevens, Leblanc and Foster",2023-08-20,34,15,2.2666666666666666
Brown LLC,2021-07-16,909,6,151.5
Morales,2019-12-08,224,21,10.666666666666666
"Patterson, Moon and Woods",2022-07-23,414,20,20.7
Garcia Ltd,2019-02-09,905,9,100.55555555555556
Palmer PLC,2021-10-15,508,24,21.166666666666668
"Patterson, Moon and Woods",2022-03-04,131,23,5.695652173913044
Brown LLC,2023-07-24,705,23,30.652173913043477
Phillips-Heath,2021-02-12,160,15,10.666666666666666
Mckee Ltd,2024-02-27,508,10,50.8
Hendricks Group,2023-04-04,825,21,39.285714285714285
Phillips-Heath,2021-12-09,477,14,34.07142857142857
Mckee Ltd,2019-04-26,407,24,16.958333333333332
Phillips-Heath,2023-07-05,75,12,6.25
"Stevens, Leblanc and Foster",2022-03-15,507,7,72.42857142857143
"Stevens, Leblanc and Foster",2019-01-30,538,19,28.31578947368421
Palmer PLC,2019-07-29,732,11,66.54545454545455
"Nguyen, Ruiz and Mayer",2022-03-12,629,23,27.347826086956523
Garcia Ltd,2023-11-16,65,7,9.285714285714286
Palmer PLC,2019-04-17,644,24,26.833333333333332
"Nguyen, Ruiz and Mayer",2021-10-21,884,5,176.8
Palmer PLC,2019-08-22,810,5,162.0
"Nguyen, Ruiz and Mayer",2019-08-13,235,9,26.11111111111111
"Nguyen, Ruiz and Mayer",2019-03-05,397,20,19.85
Garcia Ltd,2019-06-16,76,24,3.1666666666666665
Martinez and Sons,2019-01-15,912,21,43.42857142857143
Hendricks Group,2023-08-12,743,23,32.30434782608695
Mckee Ltd,2023-09-21,748,23,32.52173913043478
Brown LLC,2019-03-13,409,18,22.72222222222222
"Wu, Cooper and Pierce",2019-09-08,755,9,83.88888888888889
"Wu, Cooper and Pierce",2022-12-12,768,24,32.0
Morales,2020-12-08,164,13,12.615384615384615
Morales,2024-07-26,580,16,36.25
Phillips-Heath,2023-03-14,878,6,146.33333333333334
Huynh-Wilkerson,2024-03-02,110,10,11.0
Huynh-Wilkerson,2022-05-25,787,24,32.791666666666664
Palmer PLC,2019-12-09,961,22,43.68181818181818
Huynh-Wilkerson,2022-02-07,226,15,15.066666666666666
Phillips-Heath,2023-01-10,176,7,25.142857142857142
Martinez and Sons,2024-04-04,477,13,36.69230769230769
"Wu, Cooper and Pierce",2021-07-19,304,11,27.636363636363637
Morales,2020-06-28,429,7,61.285714285714285
Palmer PLC,2022-03-14,366,17,21.529411764705884
Murphy LLC,2020-05-20,782,13,60.15384615384615
Brown LLC,2020-04-21,687,13,52.84615384615385
"Stevens, Leblanc and Foster",2019-05-25,531,13,40.84615384615385
"Stevens, Leblanc and Foster",2024-06-14,628,5,125.6
Phillips-Heath,2022-09-24,347,20,17.35
Hendricks Group,2022-05-21,353,15,23.533333333333335
"Stevens, Leblanc and Foster",2020-06-11,500,10,50.0
"Patterson, Moon and Woods",2019-12-22,727,11,66.0909090909091
Hendricks Group,2023-03-28,819,6,136.5
Murphy LLC,2024-02-15,770,7,110.0
Palmer PLC,2020-11-20,982,8,122.75
Morales,2023-12-06,609,7,87.0
Phillips-Heath,2021-08-28,783,23,34.04347826086956
"Wu, Cooper and Pierce",2019-10-01,206,9,22.88888888888889
"Patterson, Moon and Woods",2020-12-29,918,16,57.375
"Stevens, Leblanc and Foster",2021-05-24,791,10,79.1
Hendricks Group,2020-07-23,141,22,6.409090909090909
Morales,2020-03-21,629,18,34.94444444444444
Hendricks Group,2023-04-18,325,11,29.545454545454547
Garcia Ltd,2021-02-20,227,8,28.375
"Stevens, Leblanc and Foster",2020-12-07,277,6,46.166666666666664
Huynh-Wilkerson,2024-02-08,87,18,4.833333333333333
"Stevens, Leblanc and Foster",2020-05-05,174,15,11.6
Murphy LLC,2019-06-01,403,7,57.57142857142857
"Wu, Cooper and Pierce",2020-07-02,784,18,43.55555555555556
Mckee Ltd,2023-10-30,456,22,20.727272727272727
Huynh-Wilkerson,2022-01-01,39,12,3.25
Palmer PLC,2021-10-23,274,17,16.11764705882353
Murphy LLC,2023-01-28,544,13,41.84615384615385
Murphy LLC,2020-04-30,961,15,64.06666666666666
Garcia Ltd,2022-08-21,251,10,25.1
Murphy LLC,2023-08-29,850,12,70.83333333333333
"Patterson, Moon and Woods",2022-12-10,784,5,156.8
Garcia Ltd,2021-06-15,104,23,4.521739130434782
Mckee Ltd,2019-02-04,664,6,110.66666666666667
Huynh-Wilkerson,2024-07-19,253,17,14.882352941176471
Mckee Ltd,2022-07-22,821,15,54.733333333333334
Huynh-Wilkerson,2022-03-09,922,12,76.83333333333333
Phillips-Heath,2020-07-26,693,10,69.3
Martinez and Sons,2020-06-17,623,21,29.666666666666668
Garcia Ltd,2021-12-14,551,14,39.357142857142854
Morales,2024-02-03,433,9,48.111111111111114
Brown LLC,2021-12-31,339,12,28.25
"Stevens, Leblanc and Foster",2023-06-15,641,8,80.125
Garcia Ltd,2019-11-05,178,23,7.739130434782608
Martinez and Sons,2020-11-09,827,5,165.4
"Patterson, Moon and Woods",2021-08-15,78,14,5.571428571428571
Murphy LLC,2020-08-12,216,7,30.857142857142858
Huynh-Wilkerson,2022-09-19,343,21,16.333333333333332
Hendricks Group,2020-07-19,878,10,87.8
Martinez and Sons,2021-04-21,49,12,4.083333333333333
"Wu, Cooper and Pierce",2020-11-13,873,6,145.5
"Patterson, Moon and Woods",2021-03-04,949,17,55.8235294117647
Palmer PLC,2020-05-27,641,6,106.83333333333333
Mckee Ltd,2023-02-27,934,14,66.71428571428571
Mckee Ltd,2022-12-16,603,12,50.25
"Wu, Cooper and Pierce",2019-01-02,585,16,36.5625
Morales,2024-07-28,766,24,31.916666666666668
Phillips-Heath,2022-01-09,926,12,77.16666666666667
Hendricks Group,2020-01-15,725,11,65.9090909090909
Morales,2024-04-17,127,9,14.11111111111111
"Stevens, Leblanc and Foster",2023-04-07,182,21,8.666666666666666
"Nguyen, Ruiz and Mayer",2021-04-22,485,24,20.208333333333332
"Stevens, Leblanc and Foster",2019-05-28,721,5,144.2
Murphy LLC,2024-07-10,139,13,10.692307692307692
"Nguyen, Ruiz and Mayer",2023-12-01,571,11,51.90909090909091
Brown LLC,2019-09-10,201,11,18.272727272727273
"Wu, Cooper and Pierce",2022-11-24,290,5,58.0
Huynh-Wilkerson,2021-04-11,465,13,35.76923076923077
Huynh-Wilkerson,2020-03-04,917,13,70.53846153846153
"Stevens, Leblanc and Foster",2021-05-28,816,19,42.94736842105263
Morales,2023-01-31,463,12,38.583333333333336
Murphy LLC,2021-08-31,516,17,30.352941176470587
Brown LLC,2023-01-20,520,13,40.0
Garcia Ltd,2024-05-27,504,11,45.81818181818182
"Patterson, Moon and Woods",2021-03-27,162,10,16.2
"Stevens, Leblanc and Foster",2023-09-04,629,6,104.83333333333333
"Patterson, Moon and Woods",2022-07-26,395,15,26.333333333333332
"Patterson, Moon and Woods",2019-02-05,448,18,24.88888888888889
Palmer PLC,2024-03-10,953,16,59.5625
Brown LLC,2022-05-05,137,11,12.454545454545455
Palmer PLC,2023-03-12,959,19,50.473684210526315
"Patterson, Moon and Woods",2023-09-01,689,19,36.26315789473684
Mckee Ltd,2024-01-04,401,18,22.27777777777778
Morales,2019-03-22,505,16,31.5625
Hendricks Group,2022-08-18,276,8,34.5
"Wu, Cooper and Pierce",2020-05-31,945,20,47.25
Garcia Ltd,2021-12-05,841,12,70.08333333333333
"Patterson, Moon and Woods",2024-05-24,360,11,32.72727272727273
"Patterson, Moon and Woods",2020-05-07,243,11,22.09090909090909
Huynh-Wilkerson,2021-09-23,74,9,8.222222222222221
"Wu, Cooper and Pierce",2022-10-16,307,24,12.791666666666666
Murphy LLC,2022-04-12,358,6,59.666666666666664
Martinez and Sons,2023-04-06,498,9,55.333333333333336
Morales,2021-01-12,354,12,29.5
"Stevens, Leblanc and Foster",2021-04-19,806,7,115.14285714285714
"Wu, Cooper and Pierce",2019-01-12,628,18,34.888888888888886
"Wu, Cooper and Pierce",2021-06-13,155,7,22.142857142857142
"Patterson, Moon and Woods",2021-09-30,180,12,15.0
Huynh-Wilkerson,2019-05-01,375,19,19.736842105263158
"Stevens, Leblanc and Foster",2020-08-04,433,12,36.083333333333336
"Wu, Cooper and Pierce",2021-12-20,540,8,67.5
"Wu, Cooper and Pierce",2022-11-28,720,16,45.0
Phillips-Heath,2020-04-02,121,5,24.2
Huynh-Wilkerson,2023-05-14,173,16,10.8125
Murphy LLC,2024-06-12,254,21,12.095238095238095
"Stevens, Leblanc and Foster",2024-06-28,491,6,81.83333333333333
"Stevens, Leblanc and Foster",2019-10-04,83,7,11.857142857142858
Palmer PLC,2019-04-01,270,17,15.882352941176471
Mckee Ltd,2023-04-01,809,12,67.41666666666667
Murphy LLC,2023-12-12,474,6,79.0
Palmer PLC,2023-04-09,917,19,48.26315789473684
Palmer PLC,2019-12-19,157,24,6.541666666666667
Brown LLC,2023-06-21,260,19,13.68421052631579
"Nguyen, Ruiz and Mayer",2020-12-18,691,5,138.2
Phillips-Heath,2023-12-20,774,11,70.36363636363636
Palmer PLC,2019-11-15,744,20,37.2
Phillips-Heath,2022-01-30,330,14,23.571428571428573
Phillips-Heath,2023-02-04,504,5,100.8
"Stevens, Leblanc and Foster",2022-08-06,183,14,13.071428571428571
Martinez and Sons,2023-08-13,743,23,32.30434782608695
Palmer PLC,2019-05-12,576,12,48.0
Murphy LLC,2021-12-18,97,20,4.85
Morales,2021-11-16,657,7,93.85714285714286
"Stevens, Leblanc and Foster",2019-09-14,322,7,46.0
Martinez and Sons,2021-10-17,797,6,132.83333333333334
Huynh-Wilkerson,2021-08-19,163,23,7.086956521739131
"Nguyen, Ruiz and Mayer",2019-05-21,218,21,10.380952380952381
"Nguyen, Ruiz and Mayer",2020-12-31,207,5,41.4
Hendricks Group,2020-11-27,180,12,15.0
Palmer PLC,2019-02-16,644,15,42.93333333333333
"Wu, Cooper and Pierce",2021-07-13,659,17,38.76470588235294
Mckee Ltd,2021-04-04,717,6,119.5
"Wu, Cooper and Pierce",2022-06-15,259,16,16.1875
Brown LLC,2019-08-21,206,8,25.75
Hendricks Group,2020-01-07,382,11,34.72727272727273
Huynh-Wilkerson,2022-10-01,690,8,86.25
Phillips-Heath,2022-05-31,737,15,49.13333333333333
"Stevens, Leblanc and Foster",2019-05-09,863,24,35.958333333333336
Huynh-Wilkerson,2019-04-04,303,17,17.823529411764707
Hendricks Group,2023-11-24,708,20,35.4
Phillips-Heath,2020-03-03,354,20,17.7
Morales,2021-10-09,139,5,27.8
Palmer PLC,2019-11-10,823,24,34.291666666666664
Mckee Ltd,2019-01-13,543,19,28.57894736842105
Huynh-Wilkerson,2019-11-07,338,16,21.125
"Patterson, Moon and Woods",2023-01-29,511,11,46.45454545454545
"Wu, Cooper and Pierce",2019-10-21,880,6,146.66666666666666
Brown LLC,2020-06-14,687,14,49.07142857142857
Huynh-Wilkerson,2020-08-17,272,8,34.0
Martinez and Sons,2023-05-08,438,19,23.05263157894737
Martinez and Sons,2023-05-12,584,12,48.666666666666664
"Nguyen, Ruiz and Mayer",2019-04-27,877,9,97.44444444444444
"Nguyen, Ruiz and Mayer",2024-05-23,386,15,25.733333333333334
Martinez and Sons,2023-04-05,671,16,41.9375
Brown LLC,2019-04-20,685,19,36.05263157894737
Martinez and Sons,2024-06-23,275,19,14.473684210526315
Hendricks Group,2022-04-25,65,7,9.285714285714286
Huynh-Wilkerson,2020-01-20,798,19,42.0
Murphy LLC,2021-11-17,648,8,81.0
"Wu, Cooper and Pierce",2020-06-26,748,24,31.166666666666668
Hendricks Group,2023-10-23,69,23,3.0
"Wu, Cooper and Pierce",2019-05-29,363,19,19.105263157894736
Martinez and Sons,2022-12-03,867,10,86.7
"Stevens, Leblanc and Foster",2022-09-10,812,5,162.4
Garcia Ltd,2019-05-20,801,17,47.11764705882353
Hendricks Group,2022-04-21,627,14,44.785714285714285
Phillips-Heath,2019-05-10,647,5,129.4
Huynh-Wilkerson,2024-04-14,808,20,40.4
"Stevens, Leblanc and Foster",2019-01-10,139,20,6.95
"Patterson, Moon and Woods",2020-05-30,621,11,56.45454545454545
Hendricks Group,2023-03-22,241,11,21.90909090909091
Hendricks Group,2020-08-30,790,22,35.90909090909091
Phillips-Heath,2020-09-05,159,12,13.25
Martinez and Sons,2021-09-03,828,22,37.63636363636363
"Patterson, Moon and Woods",2023-04-22,639,22,29.045454545454547
"Wu, Cooper and Pierce",2019-03-19,944,16,59.0
Mckee Ltd,2019-06-09,395,19,20.789473684210527
Phillips-Heath,2022-12-22,505,24,21.041666666666668
Palmer PLC,2022-06-06,674,16,42.125
Phillips-Heath,2023-02-28,482,11,43.81818181818182
"Stevens, Leblanc and Foster",2021-04-02,448,5,89.6
Mckee Ltd,2021-01-16,703,22,31.954545454545453
Martinez and Sons,2019-09-17,420,11,38.18181818181818
Brown LLC,2021-05-11,980,18,54.44444444444444
"Stevens, Leblanc and Foster",2022-01-22,699,21,33.285714285714285
Phillips-Heath,2019-07-05,768,20,38.4
Martinez and Sons,2019-11-23,952,6,158.66666666666666
"Nguyen, Ruiz and Mayer",2021-04-27,619,5,123.8
Martinez and Sons,2020-03-06,679,24,28.291666666666668
Huynh-Wilkerson,2022-12-25,149,9,16.555555555555557
Palmer PLC,2021-10-04,287,12,23.916666666666668
Brown LLC,2020-06-24,636,6,106.0
"Patterson, Moon and Woods",2024-07-11,85,7,12.142857142857142
Murphy LLC,2023-05-31,613,7,87.57142857142857
"Nguyen, Ruiz and Mayer",2024-02-14,404,12,33.666666666666664
"Stevens, Leblanc and Foster",2021-07-14,596,13,45.84615384615385
Palmer PLC,2019-12-10,373,18,20.72222222222222
Mckee Ltd,2023-07-22,508,14,36.285714285714285
"Nguyen, Ruiz and Mayer",2019-01-18,250,20,12.5
Hendricks Group,2022-08-28,40,12,3.3333333333333335
Garcia Ltd,2023-10-27,561,5,112.2
Huynh-Wilkerson,2019-09-19,299,8,37.375
"Patterson, Moon and Woods",2020-01-29,867,21,41.285714285714285
Garcia Ltd,2024-06-05,64,16,4.0
Morales,2022-02-01,42,6,7.0
Huynh-Wilkerson,2024-06-18,743,23,32.30434782608695
Morales,2024-04-18,366,6,61.0
Huynh-Wilkerson,2021-05-13,434,24,18.083333333333332
"Wu, Cooper and Pierce",2020-11-12,816,16,51.0
"Nguyen, Ruiz and Mayer",2020-11-11,484,13,37.23076923076923
Mckee Ltd,2021-07-24,659,18,36.611111111111114
Garcia Ltd,2020-06-18,874,15,58.266666666666666
Martinez and Sons,2019-01-23,861,16,53.8125
Mckee Ltd,2019-06-06,671,8,83.875
Brown LLC,2019-05-08,469,13,36.07692307692308
"Stevens, Leblanc and Foster",2020-11-18,623,5,124.6
Phillips-Heath,2024-04-19,745,13,57.30769230769231
Hendricks Group,2021-10-03,195,20,9.75
Mckee Ltd,2023-08-15,860,15,57.333333333333336
Phillips-Heath,2022-11-02,643,12,53.583333333333336
Martinez and Sons,2019-01-26,844,22,38.36363636363637
Phillips-Heath,2020-04-28,825,12,68.75
Mckee Ltd,2019-11-11,477,16,29.8125
Brown LLC,2021-05-20,611,24,25.458333333333332
"Patterson, Moon and Woods",2022-03-03,73,11,6.636363636363637
Mckee Ltd,2022-08-27,42,21,2.0
"Nguyen, Ruiz and Mayer",2021-09-02,526,6,87.66666666666667
Martinez and Sons,2019-09-30,191,22,8.681818181818182
Mckee Ltd,2023-06-08,557,17,32.76470588235294
"Stevens, Leblanc and Foster",2020-06-09,43,17,2.5294117647058822
Huynh-Wilkerson,2020-04-08,139,11,12.636363636363637
Hendricks Group,2023-12-04,573,7,81.85714285714286
Phillips-Heath,2021-11-04,123,24,5.125
Huynh-Wilkerson,2021-07-27,717,15,47.8
"Stevens, Leblanc and Foster",2023-05-30,278,15,18.533333333333335
Mckee Ltd,2020-01-06,535,17,31.470588235294116
Brown LLC,2022-08-04,413,16,25.8125
"Stevens, Leblanc and Foster",2019-07-21,613,13,47.15384615384615
Murphy LLC,2019-11-26,49,12,4.083333333333333
Huynh-Wilkerson,2022-03-27,161,7,23.0
"Stevens, Leblanc and Foster",2020-06-22,664,20,33.2
"Patterson, Moon and Woods",2019-08-24,895,12,74.58333333333333
Garcia Ltd,2024-05-30,701,11,63.72727272727273
"Nguyen, Ruiz and Mayer",2024-05-04,497,6,82.83333333333333
Mckee Ltd,2021-11-30,451,6,75.16666666666667
Brown LLC,2022-12-08,361,20,18.05
Morales,2022-08-23,623,17,36.64705882352941
Huynh-Wilkerson,2020-10-24,766,16,47.875
Palmer PLC,2023-07-28,371,20,18.55
Huynh-Wilkerson,2020-03-01,352,19,18.526315789473685
Garcia Ltd,2020-08-09,753,12,62.75
Murphy LLC,2020-09-19,536,17,31.529411764705884
Martinez and Sons,2023-02-10,870,10,87.0
Palmer PLC,2022-08-17,613,24,25.541666666666668
Palmer PLC,2020-12-23,881,21,41.95238095238095
Brown LLC,2023-08-24,573,21,27.285714285714285
Palmer PLC,2023-08-02,148,22,6.7272727272727275
"Patterson, Moon and Woods",2021-05-22,839,11,76.27272727272727
Murphy LLC,2021-08-27,129,5,25.8
Hendricks Group,2024-05-09,569,22,25.863636363636363
Mckee Ltd,2022-07-04,888,20,44.4
Hendricks Group,2023-04-20,259,10,25.9
Martinez and Sons,2022-01-07,941,9,104.55555555555556
"Nguyen, Ruiz and Mayer",2022-04-09,421,5,84.2
Palmer PLC,2022-10-18,781,15,52.06666666666667
Brown LLC,2019-08-25,824,21,39.23809523809524
Martinez and Sons,2020-05-16,700,8,87.5
Hendricks Group,2022-05-27,668,19,35.1578947368421
Garcia Ltd,2020-11-02,158,18,8.777777777777779
Garcia Ltd,2022-07-24,543,12,45.25
Martinez and Sons,2021-06-11,890,7,127.14285714285714
"Stevens, Leblanc and Foster",2022-02-25,238,16,14.875
Garcia Ltd,2024-03-17,66,10,6.6
"Nguyen, Ruiz and Mayer",2022-02-10,699,14,49.92857142857143
Garcia Ltd,2023-01-14,86,8,10.75
"Patterson, Moon and Woods",2023-12-19,924,6,154.0
Mckee Ltd,2019-03-06,260,20,13.0
Murphy LLC,2019-12-14,34,14,2.4285714285714284
Phillips-Heath,2021-06-04,553,23,24.043478260869566
Mckee Ltd,2020-11-08,667,17,39.23529411764706
Brown LLC,2021-01-18,512,7,73.14285714285714
"Wu, Cooper and Pierce",2019-12-25,235,18,13.055555555555555
Mckee Ltd,2020-07-13,950,11,86.36363636363636
Martinez and Sons,2021-09-12,123,22,5.590909090909091
"Nguyen, Ruiz and Mayer",2020-12-26,664,7,94.85714285714286
Martinez and Sons,2020-12-30,147,9,16.333333333333332
Hendricks Group,2019-03-31,46,18,2.5555555555555554
Martinez and Sons,2020-01-01,872,13,67.07692307692308
"Wu, Cooper and Pierce",2023-04-24,24,21,1.1428571428571428
Phillips-Heath,2020-01-19,890,24,37.083333333333336
Murphy LLC,2023-07-31,962,19,50.63157894736842
Murphy LLC,2022-10-05,204,19,10.736842105263158
Phillips-Heath,2021-04-29,53,21,2.5238095238095237
Garcia Ltd,2022-12-29,456,23,19.82608695652174
"Patterson, Moon and Woods",2020-01-17,356,7,50.857142857142854
Phillips-Heath,2022-04-28,190,8,23.75
"Nguyen, Ruiz and Mayer",2020-11-03,313,14,22.357142857142858
Martinez and Sons,2020-06-02,999,15,66.6
Murphy LLC,2021-12-21,636,22,28.90909090909091
Garcia Ltd,2024-01-09,937,21,44.61904761904762
Huynh-Wilkerson,2023-06-27,525,9,58.333333333333336
Morales,2019-01-31,461,22,20.954545454545453
"Nguyen, Ruiz and Mayer",2022-06-17,370,14,26.428571428571427
Hendricks Group,2019-08-05,790,12,65.83333333333333
Hendricks Group,2022-06-25,750,14,53.57142857142857
"Patterson, Moon and Woods",2020-07-30,778,24,32.416666666666664
"Patterson, Moon and Woods",2019-06-18,322,20,16.1
"Patterson, Moon and Woods",2020-06-08,418,22,19.0
Huynh-Wilkerson,2020-05-24,42,21,2.0
Hendricks Group,2023-05-19,281,14,20.071428571428573
Morales,2019-06-22,843,10,84.3
Morales,2022-11-25,522,17,30.705882352941178
Phillips-Heath,2020-07-27,344,10,34.4
Brown LLC,2022-10-29,130,20,6.5
Morales,2024-06-29,78,5,15.6
Murphy LLC,2021-04-30,528,22,24.0
Brown LLC,2020-10-26,284,7,40.57142857142857
Phillips-Heath,2022-01-31,800,5,160.0
Huynh-Wilkerson,2022-03-17,725,16,45.3125
Huynh-Wilkerson,2019-09-23,15,16,0.9375
Morales,2022-01-24,446,11,40.54545454545455
Phillips-Heath,2024-07-27,280,24,11.666666666666666
"Wu, Cooper and Pierce",2024-01-29,43,5,8.6
"Nguyen, Ruiz and Mayer",2024-04-02,193,22,8.772727272727273
"Patterson, Moon and Woods",2020-04-04,299,6,49.833333333333336
"Wu, Cooper and Pierce",2020-10-21,814,11,74.0
"Wu, Cooper and Pierce",2022-07-25,300,17,17.647058823529413
Mckee Ltd,2020-08-05,515,11,46.81818181818182
Brown LLC,2021-06-19,331,18,18.38888888888889
"Stevens, Leblanc and Foster",2021-01-30,367,7,52.42857142857143
Morales,2022-07-17,444,20,22.2
Brown LLC,2022-10-31,704,16,44.0
Murphy LLC,2020-03-12,473,21,22.523809523809526
Garcia Ltd,2023-01-06,831,12,69.25
Brown LLC,2020-06-01,844,23,36.69565217391305
Huynh-Wilkerson,2019-09-16,88,8,11.0
Brown LLC,2023-02-06,358,11,32.54545454545455
Palmer PLC,2024-03-26,469,24,19.541666666666668
"Wu, Cooper and Pierce",2021-11-09,70,14,5.0
Morales,2020-08-16,173,8,21.625
Martinez and Sons,2021-09-26,926,8,115.75
Huynh-Wilkerson,2022-08-16,758,23,32.95652173913044
Phillips-Heath,2021-10-19,709,9,78.77777777777777
"Stevens, Leblanc and Foster",2023-10-26,975,21,46.42857142857143
"Nguyen, Ruiz and Mayer",2023-06-14,291,14,20.785714285714285
Phillips-Heath,2023-07-29,687,11,62.45454545454545
Garcia Ltd,2021-09-01,589,7,84.14285714285714
Morales,2024-06-10,680,17,40.0
Palmer PLC,2020-08-20,36,14,2.5714285714285716
Phillips-Heath,2021-05-31,32,17,1.8823529411764706
"Wu, Cooper and Pierce",2024-06-01,123,15,8.2
"Wu, Cooper and Pierce",2021-07-30,913,15,60.86666666666667
"Wu, Cooper and Pierce",2022-11-30,955,9,106.11111111111111
Phillips-Heath,2021-06-10,409,14,29.214285714285715
"Nguyen, Ruiz and Mayer",2024-04-26,977,12,81.41666666666667
Brown LLC,2021-10-22,846,15,56.4
Morales,2020-07-04,621,6,103.5
Huynh-Wilkerson,2023-09-10,452,24,18.833333333333332
"Stevens, Leblanc and Foster",2023-09-09,289,15,19.266666666666666
"Patterson, Moon and Woods",2024-05-16,537,20,26.85
Martinez and Sons,2019-11-16,917,16,57.3125
Hendricks Group,2020-10-05,951,9,105.66666666666667
Phillips-Heath,2024-01-31,578,20,28.9
"Wu, Cooper and Pierce",2023-01-24,701,5,140.2
Hendricks Group,2024-06-03,42,12,3.5
Garcia Ltd,2019-05-15,713,5,142.6
Murphy LLC,2020-12-27,266,8,33.25
"Patterson, Moon and Woods",2021-01-09,920,19,48.421052631578945
Huynh-Wilkerson,2022-05-17,552,7,78.85714285714286
"Nguyen, Ruiz and Mayer",2022-11-10,948,10,94.8
"Nguyen, Ruiz and Mayer",2023-04-28,267,20,13.35
Murphy LLC,2019-04-28,522,10,52.2
Huynh-Wilkerson,2023-01-16,681,11,61.90909090909091
Martinez and Sons,2024-01-22,553,15,36.86666666666667
Martinez and Sons,2021-12-11,634,8,79.25
Phillips-Heath,2020-05-04,383,23,16.652173913043477
"Stevens, Leblanc and Foster",2022-03-07,970,16,60.625
"Patterson, Moon and Woods",2022-09-09,964,20,48.2
Phillips-Heath,2021-07-01,875,23,38.04347826086956
"Stevens, Leblanc and Foster",2020-05-23,70,10,7.0
"Nguyen, Ruiz and Mayer",2022-04-27,63,9,7.0
"Nguyen, Ruiz and Mayer",2020-05-12,502,14,35.857142857142854
Garcia Ltd,2021-11-22,985,23,42.82608695652174
Martinez and Sons,2022-11-06,27,8,3.375
Garcia Ltd,2022-12-15,737,9,81.88888888888889
"Patterson, Moon and Woods",2021-09-16,579,17,34.05882352941177
Mckee Ltd,2019-04-08,617,24,25.708333333333332
Huynh-Wilkerson,2024-07-21,216,6,36.0
Brown LLC,2021-06-21,456,5,91.2
Hendricks Group,2022-08-20,369,19,19.42105263157895
Huynh-Wilkerson,2023-07-17,77,18,4.277777777777778
"Stevens, Leblanc and Foster",2022-05-20,619,12,51.583333333333336
"Wu, Cooper and Pierce",2024-03-11,374,8,46.75
Murphy LLC,2023-03-27,887,18,49.27777777777778
Brown LLC,2023-08-05,673,13,51.76923076923077
Phillips-Heath,2023-05-29,68,6,11.333333333333334
"Patterson, Moon and Woods",2019-11-25,562,21,26.761904761904763
Martinez and Sons,2024-05-07,438,12,36.5
"Stevens, Leblanc and Foster",2021-01-21,812,7,116.0
Palmer PLC,2022-01-04,842,16,52.625
"Wu, Cooper and Pierce",2020-12-02,684,10,68.4
"Stevens, Leblanc and Foster",2021-01-10,66,22,3.0
Murphy LLC,2023-02-02,172,13,13.23076923076923
Palmer PLC,2019-03-18,188,12,15.666666666666666
Murphy LLC,2021-10-02,884,11,80.36363636363636
"Wu, Cooper and Pierce",2022-05-01,47,10,4.7
Brown LLC,2024-03-19,761,16,47.5625
Hendricks Group,2023-12-17,626,7,89.42857142857143
Mckee Ltd,2020-04-15,95,11,8.636363636363637
"Patterson, Moon and Woods",2022-10-04,304,24,12.666666666666666
"Nguyen, Ruiz and Mayer",2019-01-17,738,20,36.9
Garcia Ltd,2021-10-10,957,6,159.5
"Stevens, Leblanc and Foster",2021-03-11,612,9,68.0
Mckee Ltd,2023-07-03,522,23,22.695652173913043
Morales,2024-03-03,123,19,6.473684210526316
"Stevens, Leblanc and Foster",2022-06-10,811,6,135.16666666666666
Brown LLC,2020-04-27,99,19,5.2105263157894735
Huynh-Wilkerson,2023-03-24,276,17,16.235294117647058
Martinez and Sons,2021-06-27,808,18,44.888888888888886
Hendricks Group,2021-07-25,928,10,92.8
Hendricks Group,2019-02-18,886,22,40.27272727272727
"Patterson, Moon and Woods",2021-12-01,830,19,43.68421052631579
"Nguyen, Ruiz and Mayer",2022-05-26,823,16,51.4375
"Wu, Cooper and Pierce",2023-08-26,604,11,54.90909090909091
"Wu, Cooper and Pierce",2020-11-24,627,15,41.8
Hendricks Group,2021-07-22,780,22,35.45454545454545
Martinez and Sons,2019-10-17,28,11,2.5454545454545454
Murphy LLC,2023-08-03,920,12,76.66666666666667
Huynh-Wilkerson,2020-06-16,395,20,19.75
Martinez and Sons,2020-01-04,937,16,58.5625
Morales,2022-12-21,311,18,17.27777777777778
Mckee Ltd,2020-12-16,40,11,3.6363636363636362
"Stevens, Leblanc and Foster",2022-04-17,991,10,99.1
"Patterson, Moon and Woods",2024-05-21,102,7,14.571428571428571
"Wu, Cooper and Pierce",2023-01-07,480,12,40.0
Garcia Ltd,2023-12-09,105,19,5.526315789473684
"Nguyen, Ruiz and Mayer",2020-08-15,391,24,16.291666666666668
Garcia Ltd,2019-10-30,966,6,161.0
Hendricks Group,2023-08-30,296,18,16.444444444444443
Martinez and Sons,2020-05-10,367,16,22.9375
Martinez and Sons,2019-04-05,876,6,146.0
Hendricks Group,2022-09-11,651,13,50.07692307692308
Hendricks Group,2024-01-15,68,14,4.857142857142857
"Nguyen, Ruiz and Mayer",2022-08-30,123,19,6.473684210526316
Phillips-Heath,2019-12-20,252,6,42.0
Brown LLC,2022-01-19,812,23,35.30434782608695
Morales,2024-03-27,384,21,18.285714285714285
Brown LLC,2022-09-05,794,11,72.18181818181819
Martinez and Sons,2022-02-02,433,13,33.30769230769231
"Patterson, Moon and Woods",2022-06-29,559,8,69.875
Martinez and Sons,2023-12-26,845,16,52.8125
"Stevens, Leblanc and Foster",2021-04-17,212,13,16.307692307692307
Palmer PLC,2024-07-12,406,8,50.75
Mckee Ltd,2021-04-28,545,21,25.952380952380953
Phillips-Heath,2020-07-24,588,20,29.4
"Nguyen, Ruiz and Mayer",2021-05-01,179,12,14.916666666666666
Martinez and Sons,2023-10-16,625,12,52.083333333333336
"Nguyen, Ruiz and Mayer",2020-03-11,906,23,39.391304347826086
Brown LLC,2023-10-29,29,6,4.833333333333333
Phillips-Heath,2022-12-27,878,7,125.42857142857143
"Nguyen, Ruiz and Mayer",2021-04-25,337,11,30.636363636363637
"Stevens, Leblanc and Foster",2024-01-28,304,17,17.88235294117647
"Nguyen, Ruiz and Mayer",2019-02-20,783,8,97.875
"Nguyen, Ruiz and Mayer",2021-02-08,302,10,30.2
"Wu, Cooper and Pierce",2020-07-29,368,15,24.533333333333335
Murphy LLC,2024-06-08,178,13,13.692307692307692
Brown LLC,2023-10-20,389,10,38.9
"Wu, Cooper and Pierce",2019-08-08,448,10,44.8
Brown LLC,2023-11-01,953,14,68.07142857142857
Huynh-Wilkerson,2021-07-29,165,20,8.25
"Wu, Cooper and Pierce",2023-06-11,512,24,21.333333333333332
Phillips-Heath,2021-05-07,495,17,29.11764705882353
"Patterson, Moon and Woods",2020-08-10,844,12,70.33333333333333
Huynh-Wilkerson,2023-03-01,231,10,23.1
"Stevens, Leblanc and Foster",2020-02-08,530,18,29.444444444444443
Phillips-Heath,2019-08-01,286,15,19.066666666666666
Mckee Ltd,2019-12-13,489,20,24.45
Murphy LLC,2023-01-11,977,5,195.4
Morales,2019-01-04,187,6,31.166666666666668
Martinez and Sons,2024-02-23,384,9,42.666666666666664
"Nguyen, Ruiz and Mayer",2023-05-24,66,21,3.142857142857143
Brown LLC,2024-01-05,61,14,4.357142857142857
"Wu, Cooper and Pierce",2019-02-25,946,15,63.06666666666667
"Patterson, Moon and Woods",2020-07-18,162,7,23.142857142857142
Murphy LLC,2019-07-18,549,8,68.625
"Nguyen, Ruiz and Mayer",2022-05-13,873,18,48.5
"Wu, Cooper and Pierce",2023-01-30,970,5,194.0
Morales,2020-08-24,605,14,43.214285714285715
Palmer PLC,2024-01-03,387,14,27.642857142857142
Martinez and Sons,2023-05-25,908,9,100.88888888888889
Mckee Ltd,2022-07-08,71,24,2.9583333333333335
Murphy LLC,2021-12-24,327,16,20.4375
Garcia Ltd,2021-10-20,628,5,125.6
Palmer PLC,2021-04-16,229,18,12.722222222222221
Mckee Ltd,2022-02-17,869,9,96.55555555555556
Morales,2021-04-01,810,17,47.64705882352941
"Stevens, Leblanc and Foster",2022-07-18,933,24,38.875
"Wu, Cooper and Pierce",2024-02-01,786,6,131.0
Huynh-Wilkerson,2019-06-28,140,17,8.235294117647058
Garcia Ltd,2019-01-11,804,5,160.8
Mckee Ltd,2024-04-29,807,15,53.8
"Patterson, Moon and Woods",2022-01-13,424,19,22.31578947368421
Murphy LLC,2023-04-19,555,24,23.125
"Nguyen, Ruiz and Mayer",2023-02-01,441,14,31.5
Murphy LLC,2022-11-15,232,6,38.666666666666664
Murphy LLC,2023-06-18,157,15,10.466666666666667
Hendricks Group,2021-10-29,88,19,4.631578947368421
Morales,2019-04-03,664,15,44.266666666666666
Hendricks Group,2024-02-28,138,5,27.6
"Stevens, Leblanc and Foster",2020-10-15,451,19,23.736842105263158
Hendricks Group,2021-04-10,745,21,35.476190476190474
"Stevens, Leblanc and Foster",2020-10-08,527,23,22.91304347826087
"Nguyen, Ruiz and Mayer",2021-05-16,162,13,12.461538461538462
Huynh-Wilkerson,2024-05-10,620,10,62.0
Mckee Ltd,2019-07-23,179,8,22.375
Morales,2024-03-25,106,6,17.666666666666668
"Stevens, Leblanc and Foster",2021-03-26,463,15,30.866666666666667
Murphy LLC,2023-04-29,290,13,22.307692307692307
"Nguyen, Ruiz and Mayer",2024-01-01,98,7,14.0
"Patterson, Moon and Woods",2024-07-08,25,11,2.272727272727273
"Stevens, Leblanc and Foster",2019-11-12,911,17,53.588235294117645
"Nguyen, Ruiz and Mayer",2021-04-09,255,14,18.214285714285715
"Wu, Cooper and Pierce",2022-04-07,859,14,61.357142857142854
"Wu, Cooper and Pierce",2024-07-09,998,11,90.72727272727273
"Wu, Cooper and Pierce",2023-12-31,629,14,44.92857142857143
"Nguyen, Ruiz and Mayer",2020-11-22,713,20,35.65
"Nguyen, Ruiz and Mayer",2019-02-01,244,21,11.619047619047619
Murphy LLC,2019-05-27,950,20,47.5
"Patterson, Moon and Woods",2019-12-28,452,13,34.76923076923077
Palmer PLC,2024-02-04,98,23,4.260869565217392
"Patterson, Moon and Woods",2021-03-20,639,14,45.642857142857146
"Stevens, Leblanc and Foster",2021-01-03,175,5,35.0
Murphy LLC,2021-03-17,565,6,94.16666666666667
Murphy LLC,2022-05-29,956,6,159.33333333333334
Mckee Ltd,2022-09-01,390,14,27.857142857142858
Murphy LLC,2021-04-24,540,11,49.09090909090909
Palmer PLC,2019-03-29,416,21,19.80952380952381
Huynh-Wilkerson,2022-04-02,436,10,43.6
"Wu, Cooper and Pierce",2021-07-03,178,10,17.8
Garcia Ltd,2020-02-24,913,15,60.86666666666667
"Stevens, Leblanc and Foster",2019-04-07,70,12,5.833333333333333
Morales,2022-11-09,267,7,38.142857142857146
Mckee Ltd,2020-04-22,53,18,2.9444444444444446
Hendricks Group,2023-07-14,518,19,27.263157894736842
Palmer PLC,2022-03-11,510,10,51.0
Murphy LLC,2021-11-13,955,5,191.0
Hendricks Group,2020-04-20,663,8,82.875
Garcia Ltd,2024-06-17,553,22,25.136363636363637
Mckee Ltd,2020-02-26,727,20,36.35
Morales,2020-12-20,596,15,39.733333333333334
Phillips-Heath,2021-11-10,305,5,61.0
Mckee Ltd,2023-08-31,806,5,161.2
Phillips-Heath,2022-01-10,967,17,56.88235294117647
"Patterson, Moon and Woods",2023-10-07,700,15,46.666666666666664
"Patterson, Moon and Woods",2019-07-10,698,12,58.166666666666664
Morales,2020-07-20,96,20,4.8
Garcia Ltd,2019-03-21,751,22,34.13636363636363
"Stevens, Leblanc and Foster",2020-10-28,328,12,27.333333333333332
Garcia Ltd,2020-09-20,773,21,36.80952380952381
Huynh-Wilkerson,2020-10-19,874,18,48.55555555555556
"Nguyen, Ruiz and Mayer",2020-05-21,492,15,32.8
Phillips-Heath,2019-08-19,312,17,18.352941176470587
"Nguyen, Ruiz and Mayer",2020-07-12,224,15,14.933333333333334
Phillips-Heath,2019-11-28,354,22,16.09090909090909
Huynh-Wilkerson,2022-04-30,807,24,33.625
Palmer PLC,2020-12-14,667,6,111.16666666666667
Brown LLC,2022-01-26,954,5,190.8
Phillips-Heath,2022-08-25,205,10,20.5
"Patterson, Moon and Woods",2019-07-06,715,19,37.63157894736842
Brown LLC,2023-04-17,649,7,92.71428571428571
Garcia Ltd,2022-03-25,786,23,34.17391304347826
Palmer PLC,2022-11-19,527,17,31.0
"Stevens, Leblanc and Foster",2022-10-23,887,11,80.63636363636364
Morales,2021-04-05,900,11,81.81818181818181
Palmer PLC,2020-01-14,695,11,63.18181818181818
"Nguyen, Ruiz and Mayer",2024-07-02,854,19,44.94736842105263
Phillips-Heath,2019-04-30,834,13,64.15384615384616
Huynh-Wilkerson,2020-07-22,972,23,42.26086956521739
Brown LLC,2022-04-29,618,12,51.5
Murphy LLC,2023-08-01,337,10,33.7
"Wu, Cooper and Pierce",2022-05-18,806,16,50.375
Hendricks Group,2019-09-29,350,21,16.666666666666668
Palmer PLC,2023-09-28,855,20,42.75
Huynh-Wilkerson,2022-10-10,665,23,28.91304347826087
Martinez and Sons,2024-03-24,369,15,24.6
Hendricks Group,2021-05-02,639,16,39.9375
"Stevens, Leblanc and Foster",2020-10-04,574,21,27.333333333333332
"Nguyen, Ruiz and Mayer",2021-07-17,970,18,53.888888888888886
Martinez and Sons,2020-05-11,340,15,22.666666666666668
Martinez and Sons,2023-06-05,597,10,59.7
Morales,2019-11-20,150,13,11.538461538461538
Huynh-Wilkerson,2021-08-02,585,6,97.5
"Stevens, Leblanc and Foster",2021-08-04,742,15,49.46666666666667
Palmer PLC,2021-11-01,269,9,29.88888888888889
Garcia Ltd,2019-10-14,608,17,35.76470588235294
Murphy LLC,2024-07-17,862,11,78.36363636363636
Huynh-Wilkerson,2021-09-08,207,7,29.571428571428573
Hendricks Group,2023-04-26,950,5,190.0
Brown LLC,2021-09-13,874,23,38.0
"Nguyen, Ruiz and Mayer",2022-07-19,601,23,26.130434782608695
Mckee Ltd,2019-12-04,618,23,26.869565217391305
"Wu, Cooper and Pierce",2022-12-06,388,20,19.4
Hendricks Group,2019-06-03,70,17,4.117647058823529
Murphy LLC,2021-05-06,429,11,39.0
Murphy LLC,2022-09-30,775,10,77.5
Brown LLC,2022-10-13,277,23,12.043478260869565
Huynh-Wilkerson,2020-07-06,970,23,42.17391304347826
"Patterson, Moon and Woods",2019-07-24,385,22,17.5
Palmer PLC,2020-01-16,465,23,20.217391304347824
Hendricks Group,2019-01-29,909,6,151.5
"Stevens, Leblanc and Foster",2023-09-20,588,9,65.33333333333333
"Patterson, Moon and Woods",2024-02-29,284,23,12.347826086956522
Hendricks Group,2023-09-29,249,15,16.6
"Patterson, Moon and Woods",2022-11-13,329,18,18.27777777777778
"Wu, Cooper and Pierce",2022-02-16,101,23,4.391304347826087
"Nguyen, Ruiz and Mayer",2023-06-22,619,7,88.42857142857143
Hendricks Group,2023-01-25,598,5,119.6
Morales,2022-03-13,975,22,44.31818181818182
Hendricks Group,2022-04-23,878,15,58.53333333333333
"Nguyen, Ruiz and Mayer",2023-01-13,382,11,34.72727272727273
"Nguyen, Ruiz and Mayer",2023-11-14,280,8,35.0
Palmer PLC,2023-03-21,110,15,7.333333333333333
Hendricks Group,2022-01-17,183,22,8.318181818181818
Garcia Ltd,2019-09-06,194,18,10.777777777777779
Mckee Ltd,2021-03-02,307,24,12.791666666666666
Brown LLC,2024-02-07,265,22,12.045454545454545
"Stevens, Leblanc and Foster",2023-11-05,908,16,56.75
Brown LLC,2021-08-17,767,9,85.22222222222223
Phillips-Heath,2021-04-03,646,16,40.375
Martinez and Sons,2020-09-07,721,20,36.05
Palmer PLC,2020-09-09,249,19,13.105263157894736
Brown LLC,2021-05-17,396,13,30.46153846153846
Huynh-Wilkerson,2022-05-04,976,9,108.44444444444444
Morales,2021-10-13,584,9,64.88888888888889
Garcia Ltd,2019-08-16,981,22,44.59090909090909
Brown LLC,2022-10-22,116,17,6.823529411764706
Hendricks Group,2023-05-18,207,21,9.857142857142858
Mckee Ltd,2020-08-25,537,7,76.71428571428571
Brown LLC,2021-11-26,827,9,91.88888888888889
Mckee Ltd,2022-02-11,812,16,50.75
Hendricks Group,2022-01-18,986,7,140.85714285714286
"Wu, Cooper and Pierce",2023-02-07,950,9,105.55555555555556
Phillips-Heath,2022-05-30,522,7,74.57142857142857
Phillips-Heath,2019-03-27,930,5,186.0
Morales,2023-03-07,266,20,13.3
Murphy LLC,2021-10-30,288,17,16.941176470588236
Mckee Ltd,2021-10-28,769,18,42.72222222222222
Phillips-Heath,2024-01-17,188,10,18.8
Martinez and Sons,2022-01-29,781,6,130.16666666666666
"Stevens, Leblanc and Foster",2024-05-03,550,20,27.5
Phillips-Heath,2023-07-09,358,19,18.842105263157894
Garcia Ltd,2021-06-14,300,13,23.076923076923077
Hendricks Group,2020-05-15,762,17,44.8235294117647
"Stevens, Leblanc and Foster",2022-09-25,646,16,40.375
Brown LLC,2023-10-25,744,12,62.0
"Wu, Cooper and Pierce",2021-03-16,179,18,9.944444444444445
"Wu, Cooper and Pierce",2023-07-01,529,14,37.785714285714285
Garcia Ltd,2022-06-26,719,9,79.88888888888889
Palmer PLC,2020-04-14,497,18,27.61111111111111
